locus_tag,protein_length,gene_length
BSU00010,446,1338
BSU00020,378,1137
BSU00030,71,216
BSU00040,370,1113
BSU00050,81,246
BSU00060,638,1917
BSU00070,821,2466
BSU00080,315,948
BSU00090,488,1467
BSU00100,443,1332
BSU00110,294,885
BSU00120,196,591
BSU00130,425,1278
BSU00140,217,654
BSU00150,207,624
BSU00160,427,1284
BSU00170,181,546
BSU00180,161,486
BSU00190,563,1692
BSU00200,107,324
BSU00210,198,597
BSU00220,74,225
BSU00230,87,264
BSU00240,64,195
BSU00250,204,615
BSU00260,386,1161
BSU00270,480,1440
BSU00280,212,639
BSU00290,109,330
BSU00300,146,441
BSU00310,329,990
BSU00320,275,828
BSU00330,119,360
BSU00340,247,744
BSU00350,99,300
BSU00360,292,879
BSU00370,96,291
BSU00380,664,1995
BSU00390,255,768
BSU00400,437,1314
BSU00410,186,561
BSU00420,292,879
BSU00430,290,873
BSU00440,86,261
BSU00450,61,186
BSU00460,289,870
BSU00470,285,858
BSU00480,125,378
BSU00490,97,294
BSU00500,456,1371
BSU00510,317,954
BSU00520,204,615
BSU00530,188,567
BSU00540,76,231
BSU00550,1177,3534
BSU00560,178,537
BSU00570,532,1599
BSU00580,489,1470
BSU00590,86,261
BSU00600,100,303
BSU00610,211,636
BSU00620,125,378
BSU00630,128,387
BSU00640,827,2484
BSU00650,245,738
BSU00660,338,1017
BSU00670,472,1419
BSU00680,180,543
BSU00690,637,1914
BSU00700,258,777
BSU00710,291,876
BSU00720,297,894
BSU00730,308,927
BSU00740,470,1413
BSU00750,194,585
BSU00760,293,882
BSU00770,285,858
BSU00780,120,363
BSU00790,167,504
BSU00800,69,210
BSU00810,333,1002
BSU00820,499,1500
BSU00830,154,465
BSU00840,185,558
BSU00850,363,1092
BSU00860,810,2433
BSU00870,458,1377
BSU00880,360,1083
BSU00890,366,1101
BSU00900,232,699
BSU00910,158,477
BSU00920,483,1452
BSU00930,217,654
BSU00940,466,1401
BSU00950,143,432
BSU00960,249,750
BSU00970,170,513
BSU00980,218,657
BSU00990,49,150
BSU01000,59,180
BSU01010,177,534
BSU01020,141,426
BSU01030,232,699
BSU01040,166,501
BSU01050,123,372
BSU01060,201,606
BSU01070,1193,3582
BSU01080,1199,3600
BSU01090,82,249
BSU01100,138,417
BSU01110,156,471
BSU01120,692,2079
BSU01130,396,1191
BSU01140,318,957
BSU01150,102,309
BSU01160,209,630
BSU01170,207,624
BSU01180,95,288
BSU01190,277,834
BSU01200,92,279
BSU01210,113,342
BSU01220,218,657
BSU01230,144,435
BSU01240,66,201
BSU01250,87,264
BSU01260,122,369
BSU01270,103,312
BSU01280,179,540
BSU01290,61,186
BSU01300,132,399
BSU01310,179,540
BSU01320,120,363
BSU01330,166,501
BSU01340,59,180
BSU01350,146,441
BSU01360,431,1296
BSU01370,217,654
BSU01380,248,747
BSU01389,74,225
BSU01390,72,219
BSU01400,37,114
BSU01410,121,366
BSU01420,131,396
BSU01430,314,945
BSU01440,120,363
BSU01450,281,846
BSU01460,276,831
BSU01470,265,798
BSU01480,247,744
BSU01490,145,438
BSU01500,130,393
BSU01510,255,768
BSU01520,147,444
BSU01530,237,714
BSU01540,352,1059
BSU01550,185,558
BSU01560,198,597
BSU01570,254,765
BSU01580,478,1437
BSU01590,306,921
BSU01600,250,753
BSU01610,336,1011
BSU01620,334,1005
BSU01630,317,954
BSU01640,529,1590
BSU01650,414,1245
BSU01660,642,1929
BSU01670,441,1326
BSU01680,455,1368
BSU01690,283,852
BSU01700,304,915
BSU01710,160,483
BSU01720,151,456
BSU01730,187,564
BSU01740,208,627
BSU01750,273,822
BSU01760,483,1452
BSU01770,448,1347
BSU01780,600,1803
BSU01790, ,
BSU01800,303,912
BSU01810,211,636
BSU01820,179,540
BSU01830,505,1518
BSU01845,871,2616
BSU01860,175,528
BSU01870,96,291
BSU01880,124,375
BSU01889,100,303
BSU01890,390,1173
BSU01900,104,315
BSU01910,55,168
BSU01920,410,1233
BSU01935,496,1491
BSU01950,239,720
BSU01960,448,1344
BSU01970,171,516
BSU01980,141,426
BSU01990,325,978
BSU02000,223,672
BSU02010,320,963
BSU02016, ,
BSU02019,87,264
BSU02030,256,771
BSU02040,285,858
BSU02050,394,1185
BSU02060,462,1389
BSU02070,82,249
BSU02080,63,192
BSU02090,267,804
BSU02100,417,1254
BSU02110,86,261
BSU02120,539,1620
BSU02130,293,882
BSU02140,444,1335
BSU02150,82,249
BSU02160,305,918
BSU02170,416,1251
BSU02180,94,285
BSU02181, ,
BSU02190,303,912
BSU02200,732,2199
BSU02210,306,921
BSU02220,275,828
BSU02230,384,1155
BSU02240,313,942
BSU02250,132,399
BSU02260,296,891
BSU02270,177,534
BSU02280,162,489
BSU02290,263,792
BSU02300,92,279
BSU02310,446,1341
BSU02320,295,888
BSU02330,322,969
BSU02340,414,1245
BSU02350,631,1896
BSU02360,249,750
BSU02370,235,708
BSU02380,91,276
BSU02390,356,1071
BSU02400,470,1413
BSU02410,315,948
BSU02420,478,1437
BSU02430,327,984
BSU02440,410,1233
BSU02450,314,945
BSU02460,308,927
BSU02470,488,1467
BSU02480,455,1368
BSU02490,455,1368
BSU02500,233,702
BSU02510,510,1533
BSU02520,306,921
BSU02530,53,162
BSU02540,312,939
BSU02550,226,681
BSU02560,311,936
BSU02570,307,924
BSU02580,228,687
BSU02585, ,
BSU02590,128,387
BSU02600,142,429
BSU02610,243,732
BSU02619,58,177
BSU02620,583,1752
BSU02630,70,213
BSU02640,242,729
BSU02650,215,648
BSU02660,370,1113
BSU02670,479,1440
BSU02680,188,567
BSU02690,375,1128
BSU02700,212,639
BSU02710,127,384
BSU02720,358,1077
BSU02730,318,957
BSU02740,233,702
BSU02750,246,741
BSU02760,386,1161
BSU02770,310,933
BSU02780,354,1065
BSU02785, ,
BSU02790,472,1419
BSU02800,453,1362
BSU02810,167,504
BSU02820,373,1122
BSU02830,258,777
BSU02840,561,1686
BSU02850,319,960
BSU02860,231,696
BSU02870,280,843
BSU02880,331,996
BSU02890,199,600
BSU02900,193,582
BSU02910,192,579
BSU02920,257,774
BSU02930,537,1614
BSU02940,363,1092
BSU02950,400,1203
BSU02960,390,1173
BSU02970,100,303
BSU02980,418,1257
BSU02990,282,849
BSU03000,293,882
BSU03010,383,1152
BSU03020,477,1434
BSU03030,193,582
BSU03040,660,1980
BSU03050,321,966
BSU03060,541,1626
BSU03070,512,1539
BSU03080,155,465
BSU03090,209,630
BSU03100,253,762
BSU03110,446,1341
BSU03120,198,597
BSU03130,272,819
BSU03140,197,594
BSU03150,186,561
BSU03160,253,762
BSU03170,324,975
BSU03180,318,957
BSU03190,260,783
BSU03200,303,912
BSU03210,515,1548
BSU03220,473,1422
BSU03230,411,1236
BSU03240,285,858
BSU03250,294,885
BSU03260,284,855
BSU03270,336,1011
BSU03280,483,1452
BSU03290,106,321
BSU03300,805,2418
BSU03310,710,2133
BSU03320,771,2316
BSU03330,401,1206
BSU03340,305,915
BSU03350,194,585
BSU03359,61,186
BSU03360,397,1194
BSU03370,226,681
BSU03380,287,864
BSU03385, ,
BSU03390,151,456
BSU03400,110,333
BSU03410,477,1434
BSU03420,132,399
BSU03430,147,444
BSU03440,573,1722
BSU03450,185,558
BSU03460,210,633
BSU03470,120,363
BSU03480,3588,10764
BSU03490,3583,10752
BSU03500,46,141
BSU03510,1275,3828
BSU03520,242,729
BSU03530,409,1227
BSU03540,185,558
BSU03550,312,939
BSU03560,444,1335
BSU03569,55,168
BSU03570,165,498
BSU03580,215,648
BSU03590,247,744
BSU03600,234,705
BSU03610,268,807
BSU03620,290,873
BSU03630,204,615
BSU03640,473,1422
BSU03651,75,228
BSU03652,154,465
BSU03660,281,846
BSU03670,492,1479
BSU03680,584,1755
BSU03690,73,222
BSU03700,544,1635
BSU03710,407,1224
BSU03720,373,1122
BSU03730,226,681
BSU03740,486,1461
BSU03750,227,684
BSU03760,473,1422
BSU03770,382,1149
BSU03780,40,123
BSU03788,29,90
BSU03789,37,114
BSU03790,454,1365
BSU03800,316,951
BSU03810,315,948
BSU03820,252,759
BSU03830,317,954
BSU03840,472,1419
BSU03850,292,879
BSU03860,249,750
BSU03870,95,288
BSU03880,104,315
BSU03890,479,1440
BSU03900,436,1308
BSU03910,462,1389
BSU03920,287,864
BSU03930,261,786
BSU03940,204,615
BSU03950,541,1626
BSU03960,190,573
BSU03970,117,354
BSU03981,478,1437
BSU03982,143,432
BSU03990,373,1122
BSU04000,354,1065
BSU04010,187,564
BSU04020,202,609
BSU04030,130,393
BSU04039,54,165
BSU04040,249,750
BSU04050,257,774
BSU04060,404,1215
BSU04070,257,774
BSU04080,240,723
BSU04090,335,1008
BSU04100,250,753
BSU04110,213,642
BSU04120,81,246
BSU04130,95,288
BSU04140,668,2007
BSU04150,300,903
BSU04160,694,2085
BSU04170,503,1512
BSU04180,181,546
BSU04190,286,861
BSU04200,167,504
BSU04210,183,552
BSU04220,140,423
BSU04230,269,810
BSU04240,96,291
BSU04250,144,435
BSU04260,727,2184
BSU04270,362,1089
BSU04280,283,852
BSU04290,569,1710
BSU04300,420,1263
BSU04310,703,2112
BSU04320,607,1824
BSU04330,149,450
BSU04340,574,1725
BSU04345, ,
BSU04359,88,267
BSU04360,425,1278
BSU04370,85,258
BSU04380,150,453
BSU04390,272,819
BSU04400,123,372
BSU04410,113,342
BSU04420,119,360
BSU04430,273,822
BSU04440,350,1053
BSU04450,535,1608
BSU04460,226,681
BSU04470,421,1266
BSU04480,350,1053
BSU04490,308,927
BSU04500,246,741
BSU04510,111,336
BSU04520,381,1146
BSU04530,59,180
BSU04536,54,165
BSU04540,290,873
BSU04550,106,321
BSU04560,354,1065
BSU04570,457,1374
BSU04580,511,1536
BSU04590,159,480
BSU04600,493,1482
BSU04610,199,600
BSU04620,121,366
BSU04630,338,1017
BSU04640,389,1167
BSU04650,93,282
BSU04660,116,351
BSU04670,274,825
BSU04680,121,366
BSU04690,133,402
BSU04700,335,1008
BSU04710,109,330
BSU04720,160,483
BSU04730,262,789
BSU04740,199,600
BSU04745, ,
BSU04750,97,294
BSU04760,146,441
BSU04770,147,444
BSU04780,719,2160
BSU04790,150,453
BSU04800,368,1107
BSU04810,169,510
BSU04820,127,384
BSU04830,64,195
BSU04839,86,261
BSU04840,86,261
BSU04849, ,
BSU04850,126,381
BSU04860,480,1443
BSU04870,352,1059
BSU04880,89,270
BSU04890,88,267
BSU04900,102,309
BSU04910,354,1065
BSU04920,82,249
BSU04930,174,525
BSU04940,797,2394
BSU04950,108,327
BSU04960,815,2448
BSU04970,329,990
BSU04980,168,507
BSU04990,126,381
BSU05000,266,801
BSU05010,391,1176
BSU05020,39,120
BSU05030,313,942
BSU05040,339,1020
BSU05050,136,411
BSU05060,149,450
BSU05070,180,543
BSU05080,254,765
BSU05090,436,1311
BSU05099,58,178
BSU05100,228,688
BSU05109,61,186
BSU05110,197,594
BSU05120,66,201
BSU05130,153,462
BSU05140,78,237
BSU05150,291,876
BSU05160,319,960
BSU05170,290,873
BSU05180,465,1398
BSU05190,430,1293
BSU05200,148,447
BSU05210,197,594
BSU05220,219,660
BSU05230,287,864
BSU05240,463,1392
BSU05250,141,426
BSU05260,190,573
BSU05270,109,330
BSU05280,290,873
BSU05290,128,387
BSU05300,197,594
BSU05310,395,1188
BSU05320,198,597
BSU05329,61,186
BSU05330,111,336
BSU05340,435,1308
BSU05343,33,102
BSU05344,37,114
BSU05350,261,786
BSU05360,306,921
BSU05370,482,1449
BSU05380,207,624
BSU05390,226,681
BSU05400,147,444
BSU05408,59,180
BSU05409,47,144
BSU05410,407,1224
BSU05420,213,642
BSU05430,724,2175
BSU05440,300,903
BSU05450,229,690
BSU05460,270,813
BSU05470,297,894
BSU05480,206,621
BSU05490,312,939
BSU05500,129,390
BSU05510,112,339
BSU05520,78,237
BSU05529,76,231
BSU05530,225,678
BSU05540,235,708
BSU05550,143,432
BSU05560,80,243
BSU05570,90,273
BSU05580,195,588
BSU05590,114,345
BSU05600,157,474
BSU05610,547,1644
BSU05620,458,1377
BSU05630,172,519
BSU05640,152,459
BSU05650,885,2658
BSU05660,209,630
BSU05670,164,495
BSU05680,402,1209
BSU05690,245,738
BSU05700,224,675
BSU05710,420,1263
BSU05720,395,1188
BSU05730,236,711
BSU05740,462,1389
BSU05750,123,372
BSU05760,165,498
BSU05770,160,483
BSU05780,325,978
BSU05790,205,618
BSU05800,388,1167
BSU05810,103,312
BSU05820,110,333
BSU05830,442,1329
BSU05840,465,1398
BSU05850,237,714
BSU05860,299,900
BSU05870,315,948
BSU05880,362,1089
BSU05890,242,729
BSU05899,41,126
BSU05900,325,978
BSU05910,158,477
BSU05920,229,690
BSU05930,151,456
BSU05940,346,1041
BSU05950,642,1929
BSU05960,170,513
BSU05970,215,648
BSU05980,57,174
BSU05990,254,765
BSU06000,63,192
BSU06010,244,735
BSU06020,94,285
BSU06030,544,1635
BSU06033,35,108
BSU06034,52,159
BSU06036,42,129
BSU06037,69,210
BSU06038,101,306
BSU06040,126,381
BSU06048,90,273
BSU06049,119,360
BSU06050, ,
BSU06060,427,1284
BSU06070,389,1170
BSU06073,89,270
BSU06074,42,129
BSU06076,138,417
BSU06077,47,144
BSU06078,65,198
BSU06079,39,120
BSU06083,30,93
BSU06090,313,942
BSU06100,343,1032
BSU06110,465,1398
BSU06120,111,336
BSU06130,116,351
BSU06140,829,2490
BSU06150,353,1062
BSU06160,463,1392
BSU06170,320,963
BSU06180,227,684
BSU06190,341,1026
BSU06200,254,765
BSU06210,323,972
BSU06220,341,1026
BSU06230,473,1422
BSU06240,346,1041
BSU06250,123,372
BSU06260,348,1047
BSU06269,52,159
BSU06270,69,210
BSU06280,271,816
BSU06290,329,990
BSU06300,513,1542
BSU06310,469,1410
BSU06319,95,288
BSU06320,290,873
BSU06330,320,963
BSU06340,398,1197
BSU06350,737,2214
BSU06360,513,1542
BSU06370,440,1323
BSU06380,267,804
BSU06390,55,168
BSU06400,184,555
BSU06410,65,198
BSU06420,162,489
BSU06430,380,1143
BSU06440,431,1296
BSU06450,241,726
BSU06460,84,255
BSU06470,227,684
BSU06480,742,2229
BSU06490,476,1431
BSU06500,346,1041
BSU06510,195,588
BSU06520,512,1539
BSU06530,422,1269
BSU06540,139,420
BSU06550,424,1275
BSU06559,75,228
BSU06560,580,1743
BSU06570,331,996
BSU06580,104,315
BSU06590,525,1578
BSU06600,228,687
BSU06610,739,2220
BSU06620,668,2007
BSU06630,396,1191
BSU06640,336,1011
BSU06650,232,699
BSU06660,492,1479
BSU06670,96,291
BSU06680,485,1458
BSU06690,476,1431
BSU06700,289,870
BSU06710,1065,3198
BSU06720,303,912
BSU06730,459,1380
BSU06740,300,903
BSU06750,111,336
BSU06760,879,2640
BSU06770,599,1800
BSU06780,382,1149
BSU06790,101,306
BSU06800,68,207
BSU06811,151,456
BSU06812,669,2010
BSU06820,340,1023
BSU06830,376,1131
BSU06839,57,174
BSU06840,239,720
BSU06850,145,438
BSU06860,194,585
BSU06870,147,444
BSU06880,286,861
BSU06890,82,249
BSU06900,87,264
BSU06910,189,570
BSU06920,180,543
BSU06930,100,303
BSU06940,209,630
BSU06950,577,1734
BSU06960,368,1107
BSU06970,427,1284
BSU06980,309,930
BSU06990,296,891
BSU07000,344,1035
BSU07010,761,2286
BSU07020,232,699
BSU07030,220,663
BSU07040,208,627
BSU07050,620,1863
BSU07060,612,1839
BSU07070,217,654
BSU07080,663,1992
BSU07090,857,2574
BSU07100,502,1509
BSU07110,318,957
BSU07120,295,888
BSU07130,446,1341
BSU07140,231,696
BSU07150,125,378
BSU07160,120,363
BSU07166, ,
BSU07170,192,576
BSU07180,99,297
BSU07190,55,168
BSU07200,214,645
BSU07210,330,993
BSU07220,167,504
BSU07230,369,1110
BSU07240,356,1071
BSU07250,1061,3186
BSU07260,639,1920
BSU07270,254,765
BSU07280,301,906
BSU07290,303,912
BSU07300,392,1179
BSU07310,311,936
BSU07320,409,1230
BSU07330,235,708
BSU07340,461,1386
BSU07350,485,1458
BSU07360,286,861
BSU07370,629,1890
BSU07380,148,447
BSU07390,140,423
BSU07400,396,1191
BSU07410,51,156
BSU07420,518,1557
BSU07430,376,1131
BSU07440,148,447
BSU07450,339,1020
BSU07460,406,1221
BSU07480,487,1464
BSU07490,266,801
BSU07500,333,1002
BSU07510,333,1002
BSU07520,315,948
BSU07530,122,369
BSU07540,55,168
BSU07550,115,348
BSU07560,420,1263
BSU07570,478,1437
BSU07580,542,1629
BSU07590,226,681
BSU07600,319,960
BSU07610,433,1302
BSU07620,264,795
BSU07630,363,1092
BSU07640,91,276
BSU07650,221,666
BSU07660,45,138
BSU07670,51,156
BSU07680,104,315
BSU07690,249,750
BSU07700,452,1359
BSU07710,649,1950
BSU07720,45,138
BSU07735,130,393
BSU07750,471,1416
BSU07760,358,1077
BSU07770,66,201
BSU07780,384,1155
BSU07790,513,1542
BSU07800,470,1413
BSU07810,561,1686
BSU07820,238,717
BSU07830,221,666
BSU07840,1462,4389
BSU07850,172,519
BSU07860,396,1191
BSU07870,71,216
BSU07880,156,471
BSU07890,106,321
BSU07900,275,828
BSU07910,391,1176
BSU07920,351,1056
BSU07930,264,795
BSU07940,280,843
BSU07955,373,1122
BSU07970,61,186
BSU07980,263,792
BSU07990,286,861
BSU08000,319,960
BSU08010,287,864
BSU08020,466,1401
BSU08029,88,267
BSU08030,325,978
BSU08040,150,453
BSU08050,229,690
BSU08060,333,1002
BSU08070,342,1029
BSU08080,398,1197
BSU08090,458,1377
BSU08100,605,1818
BSU08110,59,180
BSU08120,109,330
BSU08130,152,459
BSU08140,185,558
BSU08150,255,768
BSU08160,407,1224
BSU08170,104,315
BSU08180,449,1350
BSU08190,254,765
BSU08200,527,1584
BSU08210,573,1722
BSU08220,604,1815
BSU08230,134,405
BSU08240,285,858
BSU08250,314,945
BSU08260,482,1449
BSU08270,313,942
BSU08280,393,1182
BSU08290,400,1203
BSU08300,220,663
BSU08310,311,936
BSU08320,396,1191
BSU08330,385,1158
BSU08340,182,549
BSU08350,210,633
BSU08360,362,1089
BSU08370,205,618
BSU08380,417,1254
BSU08390,178,537
BSU08400,518,1557
BSU08410,160,483
BSU08425,856,2571
BSU08440,325,978
BSU08450,333,1002
BSU08460,343,1032
BSU08470,293,882
BSU08480,194,585
BSU08490,63,192
BSU08500,36,111
BSU08510,303,912
BSU08520,264,795
BSU08530,104,315
BSU08540,397,1194
BSU08550,50,153
BSU08560,89,270
BSU08570,172,519
BSU08580,110,333
BSU08590,286,861
BSU08600,329,990
BSU08610,861,2586
BSU08620,327,984
BSU08630,369,1110
BSU08640,74,225
BSU08650,250,753
BSU08660,84,255
BSU08670,114,345
BSU08680,176,531
BSU08690,589,1770
BSU08700,353,1062
BSU08710,429,1290
BSU08720,157,474
BSU08730,145,438
BSU08740,117,354
BSU08750,294,885
BSU08760,258,777
BSU08770,67,204
BSU08779,90,273
BSU08780,230,693
BSU08790,590,1773
BSU08800,451,1356
BSU08810,72,219
BSU08820,483,1452
BSU08830,255,768
BSU08840,332,999
BSU08850,276,831
BSU08860,376,1131
BSU08870,178,537
BSU08880,89,270
BSU08890,157,474
BSU08899,66,201
BSU08900,207,624
BSU08910,386,1161
BSU08920,311,936
BSU08930,160,483
BSU08940,238,717
BSU08950,237,714
BSU08960,235,708
BSU08970,631,1896
BSU08980,392,1179
BSU08990,154,465
BSU09000,221,666
BSU09010,532,1599
BSU09020,176,531
BSU09030,124,375
BSU09040,51,156
BSU09050,253,762
BSU09060,121,366
BSU09070,232,699
BSU09080,305,918
BSU09090,313,942
BSU09100,67,204
BSU09110,276,831
BSU09120,359,1080
BSU09130,463,1392
BSU09140,151,456
BSU09150,189,570
BSU09165,322,969
BSU09180,217,654
BSU09190,1217,3654
BSU09200,198,597
BSU09210,302,909
BSU09220,131,396
BSU09230,140,423
BSU09240,220,663
BSU09250,513,1542
BSU09259,63,192
BSU09260,450,1350
BSU09270,192,579
BSU09280,274,825
BSU09290,496,1491
BSU09300,555,1668
BSU09310,581,1746
BSU09320,379,1140
BSU09330,214,645
BSU09340,174,525
BSU09350,80,243
BSU09360,107,324
BSU09370,488,1467
BSU09380,146,441
BSU09390,552,1659
BSU09400,468,1407
BSU09410,461,1386
BSU09420,334,1005
BSU09430,291,876
BSU09440,366,1101
BSU09450,289,870
BSU09460,465,1398
BSU09470,451,1356
BSU09480,469,1410
BSU09490,142,429
BSU09500,96,291
BSU09510,358,1077
BSU09520,163,492
BSU09530,331,996
BSU09540,199,600
BSU09550,444,1335
BSU09560,143,432
BSU09570,393,1182
BSU09590,461,1386
BSU09600,118,357
BSU09610,131,396
BSU09620,243,732
BSU09630,35,108
BSU09640,371,1116
BSU09650,247,744
BSU09660,282,849
BSU09670,282,849
BSU09680,453,1362
BSU09690,166,501
BSU09700,53,162
BSU09710,585,1758
BSU09720,673,2022
BSU09730,206,621
BSU09740,41,126
BSU09750,67,204
BSU09760,72,219
BSU09770,453,1362
BSU09780,363,1092
BSU09790,377,1134
BSU09800,117,354
BSU09810,357,1074
BSU09830,288,867
BSU09840,501,1506
BSU09850,405,1218
BSU09860,165,498
BSU09870,112,339
BSU09880,255,768
BSU09889,61,186
BSU09890,298,897
BSU09900,419,1260
BSU09910,408,1227
BSU09920,963,2892
BSU09930,314,945
BSU09940,70,213
BSU09950,292,879
BSU09958,28,87
BSU09959, ,
BSU09965,172,519
BSU09980,113,342
BSU09990,203,612
BSU10000,118,357
BSU10009,63,192
BSU10010,172,519
BSU10020,359,1080
BSU10030,145,438
BSU10040,247,744
BSU10050,408,1227
BSU10060,236,711
BSU10070,396,1191
BSU10080,463,1392
BSU10090,104,315
BSU10100,166,501
BSU10110,714,2145
BSU10120,353,1062
BSU10130,310,933
BSU10140,470,1413
BSU10150,191,576
BSU10160,775,2328
BSU10170,325,978
BSU10180,258,777
BSU10200,346,1041
BSU10210,135,408
BSU10220,429,1290
BSU10230,46,141
BSU10240,244,735
BSU10250,331,996
BSU10260,214,645
BSU10270,513,1542
BSU10280,131,396
BSU10290,426,1281
BSU10300,381,1146
BSU10310,149,450
BSU10320,330,993
BSU10330,323,972
BSU10340,193,582
BSU10350,364,1095
BSU10360,479,1440
BSU10370,186,561
BSU10380,432,1299
BSU10390,509,1530
BSU10400,285,858
BSU10410,77,234
BSU10420,192,579
BSU10430,299,900
BSU10440,89,270
BSU10450,489,1470
BSU10460,66,201
BSU10470,120,363
BSU10480,207,624
BSU10490,168,507
BSU10500,499,1500
BSU10510,175,528
BSU10520,401,1206
BSU10530,350,1053
BSU10540,282,849
BSU10550,441,1326
BSU10560,329,990
BSU10570,384,1155
BSU10580,401,1206
BSU10590,575,1728
BSU10600,108,327
BSU10610,145,438
BSU10620,1166,3501
BSU10630,1232,3699
BSU10640,391,1176
BSU10650,1130,3393
BSU10660,100,303
BSU10670,75,228
BSU10680,133,402
BSU10690,58,177
BSU10700,205,618
BSU10710,80,243
BSU10720,73,222
BSU10730,56,171
BSU10740,307,924
BSU10750,301,906
BSU10760,118,357
BSU10770,894,2685
BSU10780,195,588
BSU10790,614,1845
BSU10800,159,480
BSU10810,274,825
BSU10820,455,1368
BSU10830,287,864
BSU10840,337,1014
BSU10850,342,1029
BSU10860,169,510
BSU10870,220,663
BSU10880,484,1455
BSU10890,212,639
BSU10900,268,807
BSU10910,199,600
BSU10920,389,1170
BSU10930,236,711
BSU10940,228,687
BSU10950,252,759
BSU10960,209,630
BSU10970,371,1116
BSU10980,422,1269
BSU10990,282,849
BSU11000,154,465
BSU11010,612,1839
BSU11020,163,492
BSU11030,298,897
BSU11040,194,585
BSU11055,309,930
BSU11070,178,537
BSU11079,115,348
BSU11080,195,588
BSU11090,97,294
BSU11100,538,1617
BSU11110,283,852
BSU11120,280,843
BSU11130,119,360
BSU11136, ,
BSU11139,65,198
BSU11140,270,813
BSU11150,255,768
BSU11160,102,309
BSU11170,476,1431
BSU11180,164,495
BSU11190,346,1038
BSU11200,406,1221
BSU11210,258,777
BSU11220,385,1155
BSU11230,353,1062
BSU11240,1030,3093
BSU11250,319,960
BSU11260,59,180
BSU11270,61,186
BSU11280,244,735
BSU11290,185,558
BSU11300,317,954
BSU11310,63,192
BSU11320,79,240
BSU11330,312,939
BSU11340,413,1242
BSU11350,261,786
BSU11360,328,987
BSU11370,329,990
BSU11381,154,465
BSU11382,388,1167
BSU11390,317,951
BSU11400,303,912
BSU11410,250,753
BSU11420,330,993
BSU11430,545,1638
BSU11440,311,936
BSU11450,305,918
BSU11460,358,1077
BSU11470,305,918
BSU11480,405,1218
BSU11490,192,579
BSU11500,131,396
BSU11510,218,657
BSU11515, ,
BSU11520,218,657
BSU11525, ,
BSU11530,373,1122
BSU11540,670,2013
BSU11549,55,168
BSU11550,299,900
BSU11560,132,399
BSU11570,181,546
BSU11580,190,573
BSU11590,122,369
BSU11600,211,636
BSU11610,266,801
BSU11620,283,852
BSU11630,244,735
BSU11640,614,1845
BSU11650,236,711
BSU11660,205,618
BSU11670,369,1110
BSU11680,66,201
BSU11690,256,771
BSU11700,336,1011
BSU11710,271,816
BSU11720,258,777
BSU11730,227,684
BSU11740,148,447
BSU11750,162,489
BSU11760,172,519
BSU11770,105,318
BSU11780,128,387
BSU11790,118,357
BSU11798, ,
BSU11799,68,207
BSU11800, ,
BSU11809,49,150
BSU11810,84,255
BSU11820,717,2154
BSU11839,84,255
BSU11840,140,423
BSU11850,171,516
BSU11860,240,723
BSU11870,373,1119
BSU11880,390,1170
BSU11890,181,546
BSU11900,396,1191
BSU11910,409,1230
BSU11920,106,321
BSU11928,43,132
BSU11929,57,174
BSU11930,153,462
BSU11940,167,504
BSU11950,94,285
BSU11960,175,528
BSU11970,105,318
BSU11980,251,756
BSU11990,115,348
BSU12000,648,1947
BSU12010,650,1953
BSU12020,315,948
BSU12030,160,483
BSU12040,168,507
BSU12050,131,396
BSU12060,159,480
BSU12069,64,195
BSU12070,109,330
BSU12080,329,990
BSU12090,107,324
BSU12100,467,1404
BSU12110,157,474
BSU12120,55,168
BSU12130,299,900
BSU12140,132,399
BSU12150,191,576
BSU12160,985,2958
BSU12170,186,561
BSU12180,213,642
BSU12190,208,627
BSU12200,92,279
BSU12210,396,1191
BSU12220,392,1179
BSU12229,62,189
BSU12230,270,813
BSU12240,250,753
BSU12250,250,753
BSU12260,324,975
BSU12270,165,498
BSU12280,140,423
BSU12290,392,1179
BSU12300,473,1422
BSU12310,459,1380
BSU12320,337,1014
BSU12330,339,1020
BSU12340,359,1080
BSU12350,278,837
BSU12360,422,1269
BSU12370,333,1002
BSU12380,480,1443
BSU12390,497,1494
BSU12400,254,765
BSU12410,154,465
BSU12420,423,1272
BSU12430,378,1137
BSU12440,44,135
BSU12450,85,258
BSU12460,317,954
BSU12470,125,378
BSU12480,200,603
BSU12490,278,837
BSU12500,198,597
BSU12510,113,342
BSU12519,59,180
BSU12520,278,837
BSU12530,266,801
BSU12539,55,168
BSU12540,116,351
BSU12550,68,207
BSU12560,169,510
BSU12570,265,798
BSU12580,433,1302
BSU12590,495,1488
BSU12600,275,828
BSU12610,311,936
BSU12619,127,384
BSU12620,118,357
BSU12630,161,486
BSU12640,146,441
BSU12649,72,219
BSU12650,466,1401
BSU12660,147,444
BSU12671,148,447
BSU12672,49,150
BSU12680,1332,3999
BSU12690,219,660
BSU12700,325,978
BSU12710,88,267
BSU12720,141,426
BSU12730,348,1047
BSU12740,192,579
BSU12749,90,273
BSU12750,687,2064
BSU12760,109,330
BSU12770,54,165
BSU12780,279,840
BSU12790,89,270
BSU12800,87,264
BSU12810,297,894
BSU12815,45,138
BSU12820,56,171
BSU12830,248,747
BSU12840,333,1002
BSU12850,205,618
BSU12860,438,1317
BSU12870,316,951
BSU12875, ,
BSU12880,716,2151
BSU12890,323,972
BSU12900,449,1350
BSU12910,272,819
BSU12920,274,825
BSU12930,308,927
BSU12940,320,963
BSU12950,335,1008
BSU12960,549,1650
BSU12970,319,960
BSU12980,366,1101
BSU12990,296,891
BSU13000,329,990
BSU13010,349,1050
BSU13020,286,861
BSU13030,172,519
BSU13040,399,1200
BSU13050,74,225
BSU13060,243,732
BSU13070,175,528
BSU13080,172,519
BSU13090,112,339
BSU13100,105,318
BSU13110,300,903
BSU13120,365,1098
BSU13130,415,1248
BSU13140,141,426
BSU13150,147,444
BSU13160,136,411
BSU13169,56,171
BSU13170,156,471
BSU13180,762,2289
BSU13190,319,960
BSU13200,277,834
BSU13210,254,765
BSU13220,547,1644
BSU13230,199,600
BSU13240,200,603
BSU13250,228,687
BSU13260,454,1365
BSU13270,226,681
BSU13280,170,513
BSU13290,45,138
BSU13299,70,213
BSU13300,451,1356
BSU13310,110,333
BSU13320,51,156
BSU13330,60,183
BSU13340,154,465
BSU13350,373,1122
BSU13360,183,552
BSU13370,270,813
BSU13380,564,1695
BSU13390,337,1014
BSU13400,611,1836
BSU13410,311,936
BSU13420,749,2250
BSU13430,221,666
BSU13440,324,975
BSU13450,251,756
BSU13460,381,1146
BSU13470,64,195
BSU13480,233,702
BSU13490,298,897
BSU13500,449,1350
BSU13509,51,156
BSU13510,58,177
BSU13520,340,1023
BSU13530,738,2217
BSU13540,165,498
BSU13545, ,
BSU13550,353,1062
BSU13560,399,1200
BSU13570,259,780
BSU13580,398,1197
BSU13590,414,1245
BSU13600,235,708
BSU13610,209,630
BSU13620,178,537
BSU13630,106,321
BSU13640,85,258
BSU13650,143,432
BSU13660,506,1521
BSU13670,145,438
BSU13680,261,786
BSU13690,270,813
BSU13700,699,2100
BSU13710,347,1044
BSU13720,219,660
BSU13730,149,450
BSU13740,243,732
BSU13750,165,498
BSU13760,118,357
BSU13770,248,747
BSU13780,399,1200
BSU13789,75,228
BSU13790,232,699
BSU13799,83,252
BSU13800,96,291
BSU13810,61,186
BSU13819,64,195
BSU13820,208,627
BSU13830,445,1338
BSU13840,165,498
BSU13850,637,1914
BSU13860,363,1092
BSU13870,321,966
BSU13880,288,867
BSU13890,699,2100
BSU13900,88,267
BSU13910,570,1713
BSU13920,79,240
BSU13930,342,1029
BSU13940,226,681
BSU13950,655,1968
BSU13960,288,867
BSU13970,257,774
BSU13980,685,2058
BSU13990,606,1821
BSU14000,393,1182
BSU14009,53,162
BSU14010,303,912
BSU14020,154,465
BSU14030,430,1293
BSU14040,164,495
BSU14050,287,861
BSU14060,254,765
BSU14071,576,1731
BSU14072,172,519
BSU14080,182,549
BSU14090,407,1224
BSU14100,79,240
BSU14110,172,519
BSU14120,65,198
BSU14130,147,444
BSU14140,293,882
BSU14150,158,477
BSU14160,297,894
BSU14170,151,456
BSU14180,236,711
BSU14190,374,1125
BSU14200,81,246
BSU14210,267,804
BSU14220,180,543
BSU14230,148,447
BSU14240,191,576
BSU14250,321,966
BSU14260,199,600
BSU14270,339,1020
BSU14280,430,1293
BSU14290,173,522
BSU14300,157,474
BSU14310,77,234
BSU14320,585,1758
BSU14330,604,1815
BSU14340,231,696
BSU14350,377,1134
BSU14360,230,693
BSU14370,397,1194
BSU14380,251,756
BSU14390,303,912
BSU14400,635,1908
BSU14410,193,582
BSU14420,89,270
BSU14430,540,1623
BSU14440,303,912
BSU14450,410,1233
BSU14460,44,135
BSU14470,335,1008
BSU14480,92,279
BSU14490,428,1287
BSU14500,277,834
BSU14510,221,666
BSU14520,577,1734
BSU14530,555,1668
BSU14540,69,210
BSU14550,257,774
BSU14560,184,555
BSU14568, ,
BSU14569,52,159
BSU14570,223,672
BSU14580,371,1116
BSU14590,325,978
BSU14600,442,1329
BSU14610,470,1413
BSU14620,124,375
BSU14629, ,
BSU14630,490,1470
BSU14640,88,267
BSU14650,212,639
BSU14660,62,189
BSU14670,265,798
BSU14680,142,429
BSU14690,304,915
BSU14700,521,1566
BSU14710,646,1941
BSU14720,89,270
BSU14730,173,522
BSU14740,97,294
BSU14750,203,612
BSU14760,62,189
BSU14770,612,1839
BSU14780,105,318
BSU14790,69,210
BSU14800,209,630
BSU14810,442,1329
BSU14820,161,486
BSU14830,309,930
BSU14840,93,282
BSU14850,403,1212
BSU14860,1148,3447
BSU14870,306,921
BSU14880,305,918
BSU14890,356,1071
BSU14900,622,1869
BSU14910,207,624
BSU14920,110,333
BSU14930,297,894
BSU14940,120,363
BSU14950,148,447
BSU14960,346,1041
BSU14970,132,399
BSU14980,79,240
BSU14990,149,450
BSU15000,90,273
BSU15010,185,555
BSU15020,161,486
BSU15030,408,1227
BSU15040,260,783
BSU15050,341,1026
BSU15060,415,1248
BSU15069,61,186
BSU15070,172,519
BSU15080,59,180
BSU15090,193,582
BSU15100,160,483
BSU15110,298,897
BSU15120,539,1620
BSU15130,143,432
BSU15140,311,936
BSU15150,117,354
BSU15160,716,2151
BSU15170,646,1941
BSU15180,494,1485
BSU15190,324,975
BSU15200,451,1356
BSU15210,366,1101
BSU15220,363,1092
BSU15230,303,912
BSU15240,263,792
BSU15250,231,696
BSU15260,235,708
BSU15270,121,366
BSU15280,440,1323
BSU15290,382,1149
BSU15300,1433,4302
BSU15310,309,930
BSU15320,239,720
BSU15330,260,783
BSU15340,264,795
BSU15350,426,1281
BSU15360,81,246
BSU15370,278,837
BSU15380,230,693
BSU15390,149,450
BSU15400,90,273
BSU15410,257,774
BSU15420,164,495
BSU15430,921,2766
BSU15440,124,375
BSU15450,154,465
BSU15460,303,912
BSU15470,181,546
BSU15480,435,1308
BSU15490,304,915
BSU15500,428,1287
BSU15510,364,1095
BSU15520,1071,3216
BSU15530,256,771
BSU15540,311,936
BSU15550,239,720
BSU15560,216,651
BSU15570,233,702
BSU15580,354,1065
BSU15590,382,1149
BSU15600,197,594
BSU15610,257,774
BSU15620,261,786
BSU15630,162,489
BSU15640,572,1719
BSU15650,890,2673
BSU15660,291,876
BSU15670,89,270
BSU15680,204,615
BSU15690,67,204
BSU15700,406,1221
BSU15710,805,2418
BSU15720,160,483
BSU15730,317,954
BSU15740,447,1344
BSU15750,363,1092
BSU15760,254,765
BSU15770,648,1947
BSU15780,298,897
BSU15790,217,654
BSU15800,214,645
BSU15810,26,81
BSU15820,62,189
BSU15830,120,363
BSU15840,553,1662
BSU15850,220,663
BSU15860,300,903
BSU15870,682,2049
BSU15880,188,567
BSU15890,333,1002
BSU15900,317,954
BSU15910,246,741
BSU15920,77,234
BSU15930,249,750
BSU15940,1186,3561
BSU15950,329,990
BSU15960,161,486
BSU15970,110,333
BSU15980,446,1341
BSU15990,90,273
BSU16000,81,246
BSU16010,128,387
BSU16020,174,525
BSU16030,243,732
BSU16040,118,357
BSU16050,282,849
BSU16060,255,768
BSU16070,576,1731
BSU16080,93,282
BSU16090,385,1158
BSU16100,300,903
BSU16110,297,894
BSU16120,691,2076
BSU16130,435,1308
BSU16140,304,915
BSU16150,181,546
BSU16160,467,1404
BSU16170,259,780
BSU16180,129,390
BSU16190,150,453
BSU16200,106,321
BSU16210,536,1611
BSU16220,338,1017
BSU16230,208,627
BSU16240,438,1317
BSU16250,147,444
BSU16260,204,615
BSU16270,487,1464
BSU16280,140,423
BSU16290,264,795
BSU16299,71,216
BSU16300,140,423
BSU16310,332,999
BSU16320,378,1137
BSU16330,120,363
BSU16340,219,660
BSU16350,221,666
BSU16360,89,270
BSU16370,259,780
BSU16380,360,1083
BSU16390,677,2034
BSU16400,366,1101
BSU16410,298,897
BSU16420,357,1074
BSU16430,672,2019
BSU16440,156,471
BSU16450,209,630
BSU16460,166,501
BSU16470,254,765
BSU16480,167,504
BSU16490,246,741
BSU16500,293,882
BSU16510,240,723
BSU16520,185,558
BSU16530,260,783
BSU16540,269,810
BSU16550,383,1152
BSU16560,422,1269
BSU16570,564,1695
BSU16580,1437,4311
BSU16590,156,471
BSU16600,371,1116
BSU16610,91,276
BSU16620,100,303
BSU16630,716,2151
BSU16640,92,279
BSU16650,117,354
BSU16660,309,930
BSU16670,316,951
BSU16680,89,270
BSU16690,705,2118
BSU16700,319,960
BSU16710,409,1230
BSU16720,85,258
BSU16730,297,894
BSU16740,200,603
BSU16750,346,1041
BSU16760,404,1215
BSU16770,290,873
BSU16780,555,1668
BSU16790,245,738
BSU16799,70,213
BSU16800,789,2370
BSU16810,241,726
BSU16825,402,1209
BSU16845,426,1281
BSU16860,428,1287
BSU16870,242,729
BSU16880,85,258
BSU16890,150,453
BSU16900,112,339
BSU16910,288,867
BSU16920,193,582
BSU16930,416,1251
BSU16940,348,1047
BSU16950,391,1176
BSU16960,520,1563
BSU16970,264,795
BSU16980,86,261
BSU16990,347,1044
BSU17000,392,1179
BSU17010,509,1530
BSU17020,143,432
BSU17030,181,546
BSU17040,858,2577
BSU17050,627,1884
BSU17060,151,456
BSU17070,185,558
BSU17080,205,618
BSU17090,225,678
BSU17099, ,
BSU17100,288,867
BSU17110,324,975
BSU17120,767,2304
BSU17130,82,249
BSU17140,416,1248
BSU17150,420,1263
BSU17160,259,780
BSU17170,249,750
BSU17180,5043,15132
BSU17190,4538,13617
BSU17200,4262,12789
BSU17210,5488,16467
BSU17220,2543,7632
BSU17230,405,1218
BSU17240,118,357
BSU17250,274,825
BSU17260,442,1329
BSU17266, ,
BSU17266,18,54
BSU17267,58,177
BSU17270,235,708
BSU17280,150,453
BSU17290,117,354
BSU17300,105,318
BSU17310,91,276
BSU17320,137,414
BSU17330,314,945
BSU17340,73,222
BSU17350,90,273
BSU17360,76,231
BSU17370,130,393
BSU17380,700,2103
BSU17390,329,990
BSU17400,206,621
BSU17410,255,768
BSU17420,322,969
BSU17430,420,1263
BSU17440,421,1266
BSU17450,135,408
BSU17460,444,1335
BSU17470,96,291
BSU17480,114,345
BSU17490,83,252
BSU17500,144,435
BSU17510,263,792
BSU17520,170,513
BSU17530,213,642
BSU17540,117,354
BSU17550,91,276
BSU17559,54,165
BSU17560,156,471
BSU17570,463,1392
BSU17580,533,1602
BSU17590,350,1053
BSU17600,445,1338
BSU17610,499,1500
BSU17620,211,636
BSU17630,471,1416
BSU17640,394,1182
BSU17650,153,462
BSU17660,144,435
BSU17670,86,261
BSU17678,41,126
BSU17679, ,
BSU17680,279,840
BSU17689, ,
BSU17690,250,753
BSU17699,118,357
BSU17700,66,201
BSU17710,62,189
BSU17715, ,
BSU17720,132,399
BSU17730,144,435
BSU17740,62,189
BSU17750,520,1563
BSU17760,363,1092
BSU17770,404,1215
BSU17780,268,807
BSU17790,205,618
BSU17800,546,1641
BSU17810,121,366
BSU17820,252,759
BSU17830,179,540
BSU17840,144,435
BSU17845, ,
BSU17850,205,618
BSU17860,105,318
BSU17870,217,654
BSU17880,77,234
BSU17890,667,2004
BSU17900,148,447
BSU17910,72,219
BSU17920,57,174
BSU17930,235,708
BSU17940,120,363
BSU17950,163,492
BSU17960,142,429
BSU17970,130,393
BSU17980,48,147
BSU17990,48,147
BSU18000,909,2730
BSU18010,170,513
BSU18019,41,126
BSU18020,48,147
BSU18030,83,252
BSU18040,121,366
BSU18050,99,300
BSU18060,95,288
BSU18070,193,582
BSU18080,135,408
BSU18090,655,1968
BSU18100,806,2421
BSU18109, ,
BSU18110,136,411
BSU18120,465,1398
BSU18130,499,1500
BSU18140,87,264
BSU18150,422,1269
BSU18160,513,1542
BSU18170,148,447
BSU18180,297,894
BSU18190,198,597
BSU18200,399,1200
BSU18210,511,1536
BSU18220,260,783
BSU18230,299,900
BSU18239,73,222
BSU18240,444,1335
BSU18250,549,1650
BSU18260,380,1143
BSU18270,101,306
BSU18275, ,
BSU18280,510,1533
BSU18290,130,393
BSU18300,1279,3840
BSU18310,3603,10812
BSU18320,2555,7668
BSU18330,2560,7683
BSU18340,2561,7686
BSU18350,491,1476
BSU18360,325,978
BSU18370,463,1392
BSU18380,181,546
BSU18390,181,546
BSU18400,76,231
BSU18410,587,1764
BSU18420,285,858
BSU18430,329,990
BSU18440,493,1482
BSU18450,1520,4563
BSU18460,300,903
BSU18470,371,1116
BSU18480,297,894
BSU18490,122,369
BSU18500,238,717
BSU18510,101,306
BSU18520,256,771
BSU18530,177,534
BSU18540,414,1245
BSU18550,487,1464
BSU18560,344,1035
BSU18570,680,2043
BSU18580,97,294
BSU18590,134,405
BSU18595, ,
BSU18596, ,
BSU18600,97,294
BSU18610,561,1686
BSU18620,483,1452
BSU18630,232,699
BSU18640,225,678
BSU18650,345,1038
BSU18660,227,684
BSU18669,101,306
BSU18670,392,1179
BSU18680,162,489
BSU18689, ,
BSU18690,251,756
BSU18700,118,357
BSU18709,79,240
BSU18710,165,498
BSU18720,303,912
BSU18730,160,483
BSU18740,84,255
BSU18750,264,795
BSU18760,290,873
BSU18770,292,879
BSU18780,143,432
BSU18790,210,633
BSU18800,306,921
BSU18810,120,363
BSU18819,70,213
BSU18820,87,264
BSU18830,866,2601
BSU18840,213,642
BSU18849,79,240
BSU18850,112,339
BSU18860,118,357
BSU18870,121,366
BSU18880,219,661
BSU18890,307,924
BSU18898,57,174
BSU18899,74,225
BSU18900,151,456
BSU18908,86,261
BSU18909,46,141
BSU18910,371,1116
BSU18920,40,123
BSU18930,217,655
BSU18940,115,349
BSU18950,97,294
BSU18960,111,336
BSU18970,1201,3606
BSU18978, ,135
BSU18979,99,300
BSU18980,280,843
BSU18990,152,459
BSU19000,600,1803
BSU19010,187,565
BSU19020,446,1341
BSU19030,806,2421
BSU19040,110,333
BSU19050,241,726
BSU19060,247,744
BSU19070,191,576
BSU19080,233,702
BSU19090,160,483
BSU19100,313,942
BSU19110,181,546
BSU19120,107,324
BSU19130,225,678
BSU19140,178,537
BSU19150,260,783
BSU19160,165,498
BSU19170,325,978
BSU19180,352,1059
BSU19190,370,1113
BSU19200,199,600
BSU19210,287,864
BSU19220,591,1776
BSU19230,208,627
BSU19240,163,492
BSU19250,110,333
BSU19259,75,228
BSU19260,158,477
BSU19270,87,264
BSU19280,77,234
BSU19290,114,345
BSU19300,67,204
BSU19310,495,1488
BSU19320,632,1899
BSU19330,281,846
BSU19340,445,1338
BSU19350,321,966
BSU19360,417,1254
BSU19370,944,2835
BSU19380,638,1917
BSU19390,304,915
BSU19400,196,591
BSU19410,414,1245
BSU19420,405,1218
BSU19430,207,624
BSU19440,452,1359
BSU19450,282,849
BSU19460,221,666
BSU19470,116,351
BSU19479,92,279
BSU19480,298,897
BSU19490,157,474
BSU19510,78,237
BSU19520,444,1335
BSU19530,129,390
BSU19540,112,339
BSU19550,202,609
BSU19560,200,603
BSU19570,303,912
BSU19579,66,201
BSU19580,496,1491
BSU19590,466,1401
BSU19600,233,702
BSU19610,83,252
BSU19620,273,822
BSU19630,233,702
BSU19639,41,126
BSU19640,105,315
BSU19650,203,612
BSU19660,58,177
BSU19669,47,144
BSU19670,226,681
BSU19680,74,225
BSU19689,92,279
BSU19690,471,1413
BSU19700,275,828
BSU19710,436,1311
BSU19720,217,654
BSU19730,229,690
BSU19740,444,1332
BSU19745, ,
BSU19749,37,114
BSU19750,259,780
BSU19760,426,1281
BSU19770,101,306
BSU19780,133,402
BSU19790,317,954
BSU19800,382,1149
BSU19810,139,420
BSU19820,58,177
BSU19830,195,588
BSU19840,80,243
BSU19850,61,186
BSU19860,70,213
BSU19870,120,363
BSU19880,57,174
BSU19890,105,318
BSU19900,25,79
BSU19910,48,147
BSU19915, ,
BSU19920,43,132
BSU19930,63,192
BSU19940,275,828
BSU19950,72,219
BSU19970,117,354
BSU19980,113,342
BSU19990,96,291
BSU19999,55,168
BSU20000,81,246
BSU20010,149,450
BSU20020,142,429
BSU20030,80,243
BSU20040,598,1798
BSU20050,173,522
BSU20060,1168,3507
BSU20070,129,390
BSU20080,117,354
BSU20090,66,201
BSU20100,64,195
BSU20110,44,135
BSU20120,156,471
BSU20130,120,363
BSU20140,41,126
BSU20150,115,348
BSU20160,131,396
BSU20170,180,543
BSU20180,59,180
BSU20190,39,120
BSU20200,70,213
BSU20210,60,183
BSU20220,75,228
BSU20230,121,366
BSU20240,72,219
BSU20250,443,1332
BSU20260,39,120
BSU20270,172,519
BSU20280,165,498
BSU20290,51,156
BSU20300,71,216
BSU20310,65,198
BSU20320,49,150
BSU20330,238,717
BSU20340,1305,3918
BSU20350,576,1731
BSU20360,378,1137
BSU20370,504,1515
BSU20380,156,471
BSU20390,323,972
BSU20400,304,915
BSU20410,123,372
BSU20420,104,315
BSU20430,126,381
BSU20440,98,297
BSU20450,586,1761
BSU20460,274,825
BSU20470,131,396
BSU20480,73,222
BSU20490,224,676
BSU20500,270,813
BSU20510,137,414
BSU20520,49,150
BSU20530,115,348
BSU20540,118,357
BSU20550,113,342
BSU20560,124,375
BSU20570,72,219
BSU20580,92,279
BSU20590,230,693
BSU20600,67,204
BSU20610,171,516
BSU20620,64,195
BSU20630,150,453
BSU20640,85,258
BSU20650,67,204
BSU20660,54,165
BSU20670,251,756
BSU20680,135,408
BSU20690,112,339
BSU20700,116,351
BSU20710,67,204
BSU20720,92,279
BSU20730,134,405
BSU20740,111,336
BSU20750,64,195
BSU20760,65,198
BSU20770,72,219
BSU20780,74,225
BSU20790,325,978
BSU20800,460,1383
BSU20810,358,1077
BSU20820,70,213
BSU20830,105,318
BSU20840,66,201
BSU20850,41,126
BSU20860,386,1161
BSU20870,138,417
BSU20880,177,534
BSU20890,178,537
BSU20900,43,132
BSU20910,71,216
BSU20920,83,252
BSU20928,59,180
BSU20929,76,231
BSU20930,131,396
BSU20940,442,1329
BSU20950,75,228
BSU20960,438,1317
BSU20970,168,507
BSU20980,410,1233
BSU20990,62,189
BSU20999,83,252
BSU21000,58,177
BSU21010,203,612
BSU21020,108,327
BSU21030,64,195
BSU21040,839,2520
BSU21050,92,279
BSU21058, ,
BSU21060,63,192
BSU21070,405,1218
BSU21080,136,411
BSU21090,166,501
BSU21100,306,921
BSU21110,589,1770
BSU21120,506,1521
BSU21130,478,1437
BSU21140,178,537
BSU21150,338,1017
BSU21160,156,471
BSU21170,131,396
BSU21180,84,255
BSU21190,216,651
BSU21200,168,507
BSU21210,236,711
BSU21220,265,798
BSU21229,203,612
BSU21230,75,228
BSU21240,118,357
BSU21250,405,1218
BSU21260,116,351
BSU21270,63,192
BSU21280,166,501
BSU21290,139,420
BSU21300,333,1002
BSU21310,109,330
BSU21320,228,688
BSU21329,58,178
BSU21330,148,447
BSU21340,227,684
BSU21350,2285,6858
BSU21360,252,759
BSU21370,875,2628
BSU21380,273,822
BSU21390,644,1935
BSU21400,274,825
BSU21409, ,
BSU21410,367,1104
BSU21420,70,213
BSU21430,88,267
BSU21440,148,447
BSU21450,422,1269
BSU21460,137,414
BSU21470,705,2118
BSU21480,56,171
BSU21490,105,318
BSU21500,416,1251
BSU21510,110,334
BSU21520,111,336
BSU21530,118,357
BSU21540,155,468
BSU21546,38,117
BSU21550,177,534
BSU21560,192,579
BSU21570,165,498
BSU21580,571,1716
BSU21590,185,559
BSU21598,79,240
BSU21599,38,117
BSU21600,357,1074
BSU21610,296,891
BSU21620,160,483
BSU21630,272,819
BSU21638, ,
BSU21639, ,
BSU21640,171,516
BSU21650,236,711
BSU21660,545,1638
BSU21670,202,606
BSU21680,143,432
BSU21690,177,534
BSU21700,141,426
BSU21710,445,1338
BSU21720,64,195
BSU21730,187,564
BSU21740,255,768
BSU21750,193,582
BSU21760,83,252
BSU21770,422,1266
BSU21780,331,996
BSU21790,213,642
BSU21800,206,621
BSU21810,168,507
BSU21820,264,795
BSU21830,177,534
BSU21840,203,612
BSU21850,257,774
BSU21860,144,435
BSU21870,558,1677
BSU21880,377,1134
BSU21890,205,618
BSU21900,160,483
BSU21910,301,906
BSU21920,382,1149
BSU21925, ,
BSU21930,66,201
BSU21940,60,183
BSU21950,89,270
BSU21960,60,183
BSU21970,226,681
BSU21980,229,690
BSU21990,132,399
BSU22000,42,129
BSU22010,296,888
BSU22019,48,147
BSU22020,85,258
BSU22030,1193,3582
BSU22036,29,90
BSU22040,168,507
BSU22050,365,1098
BSU22060,438,1317
BSU22070,194,585
BSU22080,501,1506
BSU22090,330,993
BSU22100,196,591
BSU22110,324,975
BSU22120,339,1020
BSU22130,275,828
BSU22140,254,765
BSU22150,641,1926
BSU22160,63,192
BSU22169,50,153
BSU22170,385,1158
BSU22180,98,297
BSU22190,209,630
BSU22200,75,228
BSU22205, ,
BSU22210,413,1242
BSU22220,749,2250
BSU22230,168,507
BSU22240,139,420
BSU22250,125,378
BSU22260,62,189
BSU22270,123,372
BSU22280,81,246
BSU22290,34,105
BSU22300,320,963
BSU22310,206,621
BSU22320,914,2745
BSU22330,164,495
BSU22340,219,660
BSU22350,232,699
BSU22360,430,1293
BSU22370,393,1182
BSU22380,161,486
BSU22390,56,171
BSU22400,931,2796
BSU22410,127,384
BSU22420,286,861
BSU22430,277,834
BSU22440,325,978
BSU22450,397,1194
BSU22460,377,1134
BSU22470,236,711
BSU22480,137,414
BSU22490,267,804
BSU22500,111,336
BSU22510,290,873
BSU22520,264,795
BSU22530,185,558
BSU22540,255,768
BSU22550,224,675
BSU22560,167,504
BSU22570,148,447
BSU22580,179,540
BSU22590,423,1272
BSU22600,428,1287
BSU22610,371,1116
BSU22620,360,1083
BSU22630,267,804
BSU22640,400,1200
BSU22650,215,648
BSU22660,250,750
BSU22670,338,1017
BSU22680,515,1548
BSU22690,127,384
BSU22700,362,1089
BSU22710,390,1173
BSU22720,256,771
BSU22730,149,450
BSU22740,348,1047
BSU22750,233,702
BSU22760,251,756
BSU22770,75,228
BSU22780,190,573
BSU22790,92,279
BSU22800,492,1479
BSU22810,244,735
BSU22820,67,204
BSU22830,345,1038
BSU22840,436,1311
BSU22849,64,195
BSU22850,297,894
BSU22860,199,600
BSU22869,45,138
BSU22870,349,1050
BSU22880,382,1149
BSU22890,224,675
BSU22900,58,177
BSU22910,217,654
BSU22920,450,1353
BSU22930,305,918
BSU22940,218,657
BSU22950,324,975
BSU22960,427,1284
BSU22970,194,585
BSU22980,259,780
BSU22990,147,444
BSU23000,240,723
BSU23010,189,570
BSU23020,496,1491
BSU23030,352,1059
BSU23040,82,249
BSU23050,190,573
BSU23060,54,165
BSU23070,525,1578
BSU23080,255,768
BSU23090,368,1107
BSU23100,194,585
BSU23110,589,1770
BSU23120,240,723
BSU23130,391,1176
BSU23140,542,1629
BSU23150,179,540
BSU23160,244,735
BSU23170,179,537
BSU23180,196,591
BSU23190,382,1149
BSU23200,179,540
BSU23210,197,594
BSU23220,251,756
BSU23230,174,525
BSU23240,124,375
BSU23250,154,465
BSU23260,398,1197
BSU23270,215,648
BSU23280,361,1086
BSU23300,114,345
BSU23310,184,555
BSU23320,78,237
BSU23328,68,207
BSU23329,84,255
BSU23330,96,288
BSU23340,67,204
BSU23349, ,
BSU23350,70,213
BSU23360,143,432
BSU23370,290,873
BSU23380,439,1317
BSU23390,493,1482
BSU23401,203,612
BSU23402,116,351
BSU23410,338,1017
BSU23420,150,453
BSU23430,141,426
BSU23440,206,621
BSU23450,255,768
BSU23460,146,441
BSU23470,117,354
BSU23480,389,1170
BSU23490,271,816
BSU23500,394,1185
BSU23510,296,891
BSU23519,75,228
BSU23520,149,450
BSU23530,214,645
BSU23540,71,216
BSU23550,439,1320
BSU23560,468,1407
BSU23570,475,1428
BSU23580,329,990
BSU23590,116,351
BSU23600,387,1164
BSU23610,185,558
BSU23616, ,123
BSU23620,306,921
BSU23630,74,225
BSU23640,305,918
BSU23650,79,240
BSU23660,107,324
BSU23670,343,1032
BSU23680,114,345
BSU23690,156,471
BSU23700,112,339
BSU23710,412,1239
BSU23720,68,207
BSU23730,410,1233
BSU23740,63,192
BSU23750,128,387
BSU23760,319,960
BSU23770,448,1344
BSU23780,259,780
BSU23790,319,960
BSU23800,278,837
BSU23810,547,1644
BSU23820,338,1017
BSU23830,253,762
BSU23836, ,
BSU23837, ,
BSU23840,307,924
BSU23850,489,1470
BSU23860,469,1410
BSU23870,414,1245
BSU23880,95,288
BSU23890,275,828
BSU23900,242,729
BSU23910,371,1116
BSU23920,507,1524
BSU23930,140,423
BSU23940,176,531
BSU23950,322,969
BSU23960,240,723
BSU23970,219,660
BSU23980,255,768
BSU23990,145,438
BSU24000,297,894
BSU24010,389,1170
BSU24020,278,837
BSU24030,424,1275
BSU24040,327,984
BSU24050,330,993
BSU24060,474,1425
BSU24070,363,1092
BSU24080,364,1095
BSU24090,299,900
BSU24100,692,2079
BSU24110,78,237
BSU24120,301,906
BSU24130,472,1419
BSU24140,372,1119
BSU24150,379,1140
BSU24160,287,864
BSU24170,393,1182
BSU24180,243,732
BSU24190,206,621
BSU24200,97,294
BSU24205, ,
BSU24210,372,1119
BSU24220,267,804
BSU24230,426,1281
BSU24240,576,1731
BSU24250,149,450
BSU24260,281,846
BSU24270,633,1902
BSU24280,296,891
BSU24290,84,255
BSU24300,448,1347
BSU24310,283,852
BSU24320,131,396
BSU24330,135,408
BSU24340,450,1353
BSU24350,159,480
BSU24360,218,657
BSU24370,229,690
BSU24380,206,621
BSU24390,399,1200
BSU24400,133,402
BSU24410,68,207
BSU24420,171,516
BSU24430,307,924
BSU24440,93,282
BSU24450,185,558
BSU24460,353,1062
BSU24470,148,447
BSU24480,178,537
BSU24490,318,957
BSU24500,131,396
BSU24510,291,876
BSU24520,142,429
BSU24530,278,837
BSU24540,126,381
BSU24550,488,1467
BSU24560,448,1347
BSU24570,362,1089
BSU24580,557,1674
BSU24590,264,795
BSU24600,57,174
BSU24610,111,336
BSU24620,261,786
BSU24630,190,573
BSU24640,253,762
BSU24650,108,327
BSU24660,59,180
BSU24670,124,375
BSU24680,127,384
BSU24690,115,348
BSU24700,143,432
BSU24710,98,297
BSU24720,323,972
BSU24730,356,1071
BSU24740,317,954
BSU24750,442,1329
BSU24760,278,837
BSU24770,126,381
BSU24780,81,246
BSU24790,211,636
BSU24800,57,174
BSU24810,104,315
BSU24820,353,1062
BSU24830,376,1131
BSU24840,638,1917
BSU24850,321,966
BSU24860,71,216
BSU24870,507,1524
BSU24880,57,174
BSU24890,187,564
BSU24900,49,150
BSU24910,359,1080
BSU24920,156,471
BSU24930,117,354
BSU24940,154,465
BSU24950,260,783
BSU24960,269,810
BSU24970,294,885
BSU24980,309,930
BSU24990,300,903
BSU25000,716,2151
BSU25010,430,1293
BSU25020,202,609
BSU25030,160,483
BSU25040,255,768
BSU25050,142,429
BSU25060,99,300
BSU25070,377,1134
BSU25080,129,390
BSU25090,193,582
BSU25100,145,438
BSU25110,293,882
BSU25120,84,255
BSU25130,297,894
BSU25140,438,1317
BSU25150,247,744
BSU25160,314,945
BSU25170,373,1122
BSU25180,216,651
BSU25190,120,363
BSU25200,371,1116
BSU25210,603,1812
BSU25220,98,297
BSU25230,164,495
BSU25240,270,813
BSU25250,212,639
BSU25260,679,2040
BSU25270,295,888
BSU25280,255,768
BSU25289,47,144
BSU25290,301,906
BSU25300,136,411
BSU25310,123,372
BSU25320,157,474
BSU25330,711,2136
BSU25340,319,960
BSU25350,398,1197
BSU25360,93,282
BSU25370,139,420
BSU25380,331,996
BSU25390,437,1314
BSU25400,148,447
BSU25410,57,174
BSU25420,307,924
BSU25430,451,1356
BSU25440,256,771
BSU25450,311,936
BSU25460,375,1128
BSU25470,611,1836
BSU25480,187,564
BSU25490,343,1032
BSU25500,379,1140
BSU25510,612,1839
BSU25520,112,339
BSU25530,401,1206
BSU25540,368,1107
BSU25550,88,267
BSU25560,347,1044
BSU25565, ,
BSU25569,44,135
BSU25570,776,2331
BSU25580,189,570
BSU25590,205,618
BSU25600,273,822
BSU25610,247,744
BSU25620,118,357
BSU25630,186,561
BSU25640,189,570
BSU25650,96,291
BSU25660,280,843
BSU25670,366,1101
BSU25680,172,519
BSU25690,52,159
BSU25700,243,732
BSU25710,250,753
BSU25720,208,627
BSU25730,297,894
BSU25740,241,723
BSU25750,136,411
BSU25760,156,471
BSU25770,500,1503
BSU25780,139,420
BSU25790,346,1041
BSU25800,146,441
BSU25810,105,318
BSU25820,254,765
BSU25830,375,1128
BSU25840,44,135
BSU25850,52,159
BSU25860,531,1596
BSU25870,192,579
BSU25875, ,
BSU25880,120,363
BSU25890,159,480
BSU25900,272,819
BSU25910,140,423
BSU25920,297,894
BSU25930,54,165
BSU25940,111,336
BSU25950,366,1101
BSU25960,90,273
BSU25970,192,579
BSU25980,348,1047
BSU25990,141,426
BSU26000,87,264
BSU26010,326,981
BSU26020,219,660
BSU26030,1585,4758
BSU26039,63,192
BSU26040,146,438
BSU26050,59,180
BSU26055, ,508
BSU26060,147,444
BSU26075,466,1401
BSU26089,63,192
BSU26090,145,438
BSU26100,167,504
BSU26110,120,363
BSU26120,131,396
BSU26130,103,312
BSU26140,311,936
BSU26150,322,969
BSU26160,217,654
BSU26170,305,918
BSU26180,510,1533
BSU26190,431,1296
BSU26200,239,720
BSU26210,154,465
BSU26220,151,456
BSU26230,309,930
BSU26240,68,207
BSU26250,142,429
BSU26259,49,150
BSU26260,286,861
BSU26270,225,678
BSU26280,284,855
BSU26290,319,960
BSU26300,64,195
BSU26305, ,
BSU26310,85,258
BSU26320,189,570
BSU26330,46,141
BSU26340,76,231
BSU26350,116,351
BSU26360,55,168
BSU26370,178,537
BSU26380,172,519
BSU26390,138,417
BSU26399, ,
BSU26400,54,165
BSU26410,139,417
BSU26420,432,1299
BSU26430,231,696
BSU26440,405,1218
BSU26449, ,
BSU26450,185,558
BSU26470,174,525
BSU26480,158,477
BSU26490,261,786
BSU26500,75,228
BSU26510,377,1134
BSU26530,185,558
BSU26540,160,483
BSU26550,63,192
BSU26558,105,318
BSU26559,71,216
BSU26560,186,561
BSU26569, ,
BSU26570,48,147
BSU26580,273,822
BSU26590,400,1203
BSU26600,152,459
BSU26610,434,1305
BSU26619,47,144
BSU26620,321,966
BSU26630,288,867
BSU26640,345,1038
BSU26650,311,936
BSU26660,129,390
BSU26670,296,891
BSU26680,92,279
BSU26690,440,1323
BSU26700,110,333
BSU26710,254,765
BSU26720,157,474
BSU26730,91,276
BSU26740,410,1233
BSU26748,52,159
BSU26749,66,201
BSU26750,45,135
BSU26760,187,564
BSU26770,123,372
BSU26780,167,504
BSU26790,284,855
BSU26800,347,1044
BSU26810,265,798
BSU26820,235,708
BSU26826, ,
BSU26827, ,
BSU26829, ,
BSU26830,251,756
BSU26840,176,531
BSU26850,326,981
BSU26860,438,1317
BSU26870,289,870
BSU26880,367,1104
BSU26890,277,834
BSU26900,87,264
BSU26910,271,816
BSU26920,118,357
BSU26930,144,435
BSU26935, ,
BSU26940,128,387
BSU26950,81,246
BSU26960,122,369
BSU26970,378,1137
BSU26980,65,198
BSU26990,99,300
BSU27000,140,423
BSU27009,64,195
BSU27010,349,1050
BSU27020,169,510
BSU27030,677,2034
BSU27035, ,
BSU27040,275,828
BSU27050,269,810
BSU27060,162,489
BSU27070,146,441
BSU27080,935,2808
BSU27085, ,
BSU27090,462,1389
BSU27100,210,633
BSU27110,275,828
BSU27120,166,501
BSU27130,285,858
BSU27140,634,1905
BSU27150,96,291
BSU27160,1054,3165
BSU27170,194,585
BSU27180,180,543
BSU27185, ,
BSU27190,49,150
BSU27200,266,801
BSU27210,122,369
BSU27220,980,2943
BSU27230,160,483
BSU27240,76,231
BSU27250,379,1137
BSU27260,307,921
BSU27270,231,696
BSU27280,213,642
BSU27290,67,204
BSU27300,233,702
BSU27310,584,1755
BSU27320,157,474
BSU27330,211,636
BSU27340,422,1269
BSU27350,309,930
BSU27360,217,654
BSU27370,360,1083
BSU27380,93,282
BSU27390,138,417
BSU27400,88,267
BSU27410,878,2637
BSU27420,353,1062
BSU27430,242,729
BSU27440,273,822
BSU27450,216,651
BSU27460,218,657
BSU27468,43,132
BSU27469,63,192
BSU27470,174,525
BSU27480,798,2397
BSU27490,206,621
BSU27500,371,1116
BSU27510,379,1140
BSU27520,138,417
BSU27530,421,1266
BSU27540,254,765
BSU27550,592,1779
BSU27560,424,1275
BSU27570,56,171
BSU27580,518,1557
BSU27590,132,399
BSU27600,734,2205
BSU27610,170,513
BSU27620,786,2361
BSU27630,107,324
BSU27640,165,498
BSU27650,737,2214
BSU27660,98,297
BSU27670,518,1557
BSU27680,218,657
BSU27690,150,453
BSU27700,89,267
BSU27710,381,1146
BSU27720,342,1029
BSU27729,66,201
BSU27730,334,1005
BSU27740,201,606
BSU27750,170,513
BSU27760,435,1308
BSU27770,341,1026
BSU27785,215,648
BSU27786, ,
BSU27800,43,132
BSU27809,46,141
BSU27810,484,1455
BSU27820,240,723
BSU27830,198,597
BSU27840,387,1164
BSU27850,368,1107
BSU27860,289,870
BSU27870,531,1596
BSU27880,395,1188
BSU27890,180,543
BSU27900,285,858
BSU27910,147,444
BSU27920,428,1287
BSU27930,192,579
BSU27935, ,
BSU27940,94,285
BSU27950,112,339
BSU27960,102,309
BSU27970,288,867
BSU27980,264,795
BSU27990,268,807
BSU28000,226,681
BSU28010,172,519
BSU28020,290,873
BSU28030,337,1014
BSU28040,231,696
BSU28050,189,570
BSU28060,332,999
BSU28070,248,747
BSU28080,430,1293
BSU28090,880,2643
BSU28099,63,193
BSU28100,341,1026
BSU28110,575,1728
BSU28120,430,1290
BSU28130,324,975
BSU28140,262,789
BSU28150,314,945
BSU28160,276,831
BSU28170,455,1368
BSU28180,165,498
BSU28190,195,588
BSU28200,774,2325
BSU28210,552,1659
BSU28220,420,1263
BSU28230,424,1275
BSU28240,334,1005
BSU28250,199,600
BSU28260,472,1419
BSU28270,365,1098
BSU28280,518,1557
BSU28290,342,1029
BSU28300,172,519
BSU28310,574,1725
BSU28320,111,336
BSU28330,151,456
BSU28340,273,822
BSU28350,169,510
BSU28360,198,597
BSU28370,245,738
BSU28380,366,1101
BSU28390,272,819
BSU28400,146,441
BSU28410,74,225
BSU28420,147,444
BSU28430,253,762
BSU28440,586,1761
BSU28450,202,609
BSU28460,148,447
BSU28470,408,1227
BSU28475, ,
BSU28490,590,1773
BSU28500,104,315
BSU28509, ,
BSU28510,495,1488
BSU28520,325,978
BSU28530,257,774
BSU28540,258,777
BSU28550,194,585
BSU28560,560,1683
BSU28570,134,405
BSU28580,785,2358
BSU28590,570,1713
BSU28600,177,534
BSU28610,85,258
BSU28620,313,939
BSU28630,804,2415
BSU28640,344,1035
BSU28645, ,
BSU28650,248,747
BSU28660,71,216
BSU28670,368,1107
BSU28680,470,1413
BSU28690,444,1335
BSU28700,80,243
BSU28709, ,
BSU28710,598,1797
BSU28720,500,1503
BSU28730,281,846
BSU28740,313,942
BSU28750,433,1302
BSU28760,394,1185
BSU28770,272,819
BSU28780,229,690
BSU28790,560,1683
BSU28800,496,1491
BSU28810,323,972
BSU28820,361,1086
BSU28830,130,393
BSU28840,89,270
BSU28850,119,360
BSU28860,66,201
BSU28870,173,522
BSU28890,221,666
BSU28900,231,696
BSU28910,146,441
BSU28920,241,726
BSU28930,593,1782
BSU28940,260,783
BSU28950,643,1932
BSU28960,281,846
BSU28970,213,642
BSU28980,311,936
BSU28990,472,1419
BSU29000,152,459
BSU29010,126,381
BSU29020,340,1023
BSU29030,126,381
BSU29040,396,1191
BSU29050,280,843
BSU29060,197,594
BSU29070,210,633
BSU29080,276,831
BSU29090,880,2643
BSU29100,579,1740
BSU29110,240,723
BSU29120,312,939
BSU29130,423,1272
BSU29140,372,1119
BSU29150,154,465
BSU29160,371,1116
BSU29170,127,384
BSU29180,585,1758
BSU29190,319,960
BSU29200,325,978
BSU29210,290,873
BSU29220,410,1233
BSU29230,1115,3348
BSU29239,113,342
BSU29240,176,531
BSU29249,63,192
BSU29250,313,942
BSU29260,100,303
BSU29270,439,1320
BSU29280,300,903
BSU29290,416,1251
BSU29300,230,693
BSU29310,442,1329
BSU29320,93,282
BSU29330,334,1005
BSU29340,259,780
BSU29350,235,708
BSU29360,239,720
BSU29370,270,813
BSU29380,269,810
BSU29390,178,537
BSU29400,308,927
BSU29410,227,684
BSU29420,255,768
BSU29430,44,135
BSU29440,461,1386
BSU29450,403,1212
BSU29460,170,513
BSU29470,395,1188
BSU29479, ,
BSU29480,329,990
BSU29490,167,504
BSU29500,151,456
BSU29510,226,681
BSU29520,164,495
BSU29530,335,1008
BSU29540,267,804
BSU29550,529,1590
BSU29560,529,1590
BSU29570,69,210
BSU29580,401,1206
BSU29590,381,1146
BSU29600,445,1338
BSU29610,562,1689
BSU29620,268,807
BSU29630,207,624
BSU29640,163,492
BSU29650,579,1740
BSU29660,200,603
BSU29670,422,1269
BSU29679,47,144
BSU29680,572,1719
BSU29690,210,633
BSU29700,214,645
BSU29710,387,1164
BSU29720,242,729
BSU29730,272,819
BSU29740,334,1005
BSU29750,358,1077
BSU29760,108,327
BSU29770,152,456
BSU29780,140,423
BSU29790,432,1299
BSU29805,952,2859
BSU29820,201,606
BSU29830,269,810
BSU29840,107,324
BSU29845, ,
BSU29850,148,447
BSU29860,357,1074
BSU29870,105,318
BSU29880,566,1701
BSU29890,256,771
BSU29900,213,642
BSU29910,92,279
BSU29920,204,615
BSU29930,718,2157
BSU29940,309,930
BSU29950,304,915
BSU29960,183,552
BSU29970,311,933
BSU29980,463,1392
BSU29990,432,1299
BSU30000,385,1158
BSU30010,236,711
BSU30020,73,222
BSU30035,239,720
BSU30050,544,1635
BSU30060,420,1263
BSU30070,512,1539
BSU30080,60,183
BSU30090,222,669
BSU30100,428,1287
BSU30110,167,504
BSU30120,370,1113
BSU30135,321,966
BSU30150,772,2319
BSU30160,498,1497
BSU30170,286,861
BSU30180,253,762
BSU30190,395,1188
BSU30200,335,1008
BSU30210,231,696
BSU30220,389,1170
BSU30230,448,1344
BSU30240,259,777
BSU30250,299,900
BSU30260,344,1035
BSU30270,426,1281
BSU30280,303,912
BSU30290,276,831
BSU30300,432,1299
BSU30310,103,312
BSU30320,804,2415
BSU30330,109,330
BSU30340,261,786
BSU30350,397,1194
BSU30360,248,747
BSU30370,646,1941
BSU30380,253,762
BSU30390,334,1005
BSU30400,231,696
BSU30410,436,1311
BSU30420,231,696
BSU30430,325,978
BSU30440,328,987
BSU30450,292,879
BSU30460,130,393
BSU30470,90,273
BSU30480,322,969
BSU30490,194,585
BSU30500,367,1104
BSU30510,259,780
BSU30520,171,516
BSU30530,463,1392
BSU30540,632,1899
BSU30550,400,1203
BSU30560,527,1584
BSU30570,80,243
BSU30580,257,774
BSU30595,334,1005
BSU30610,260,783
BSU30620,270,813
BSU30630,158,477
BSU30640,134,405
BSU30650,145,438
BSU30659,58,177
BSU30660,145,438
BSU30670,157,474
BSU30680,75,228
BSU30690,187,564
BSU30700,82,249
BSU30710,443,1332
BSU30720,346,1041
BSU30739,52,159
BSU30740,295,888
BSU30750,435,1308
BSU30760,250,753
BSU30770,306,921
BSU30780,371,1116
BSU30790,486,1461
BSU30800,271,816
BSU30810,274,825
BSU30820,580,1743
BSU30830,471,1416
BSU30840,239,720
BSU30850,272,819
BSU30860,428,1287
BSU30870,316,951
BSU30880,407,1224
BSU30890,143,432
BSU30900,351,1056
BSU30910,377,1134
BSU30920,357,1074
BSU30930,155,468
BSU30940,798,2394
BSU30950,484,1455
BSU30960,343,1032
BSU30970,380,1143
BSU30980,627,1884
BSU30990,192,579
BSU31000,173,522
BSU31010,509,1530
BSU31020,174,525
BSU31030,162,489
BSU31040,192,579
BSU31050,403,1209
BSU31060,490,1473
BSU31070,180,543
BSU31080,181,546
BSU31090,222,669
BSU31100,445,1338
BSU31110,87,264
BSU31120,282,849
BSU31130,511,1536
BSU31140,161,486
BSU31150,276,831
BSU31160,388,1167
BSU31170,328,987
BSU31180,424,1275
BSU31190,104,315
BSU31200,485,1458
BSU31210,258,777
BSU31220,689,2070
BSU31230,662,1989
BSU31240,661,1986
BSU31250,662,1989
BSU31260,662,1989
BSU31270,245,738
BSU31279,84,255
BSU31280,132,399
BSU31289, ,
BSU31290,554,1665
BSU31300,429,1290
BSU31310,225,678
BSU31319,87,264
BSU31321,110,333
BSU31322,328,987
BSU31330,134,405
BSU31340,123,372
BSU31350,451,1353
BSU31360,390,1173
BSU31370,387,1164
BSU31380,78,237
BSU31390,130,393
BSU31400,386,1161
BSU31410,166,501
BSU31420,273,822
BSU31430,86,261
BSU31440,387,1164
BSU31450,429,1287
BSU31460,128,387
BSU31470,205,618
BSU31480,392,1179
BSU31490,624,1875
BSU31500,137,414
BSU31510,185,558
BSU31520,533,1602
BSU31530,235,708
BSU31540,359,1080
BSU31550,510,1533
BSU31560,348,1047
BSU31570,319,960
BSU31580,448,1347
BSU31590,71,216
BSU31600,774,2325
BSU31610,143,432
BSU31620,113,342
BSU31630,493,1482
BSU31640,158,477
BSU31650,94,285
BSU31660,124,375
BSU31670,126,381
BSU31680,214,645
BSU31690,769,2310
BSU31700,55,168
BSU31710,299,900
BSU31720,46,141
BSU31725, ,
BSU31730,122,369
BSU31740,409,1230
BSU31750,490,1473
BSU31760,183,552
BSU31770,132,399
BSU31780,82,249
BSU31790,73,222
BSU31800,369,1110
BSU31810,129,390
BSU31820,78,237
BSU31830,176,531
BSU31840,243,732
BSU31850,151,456
BSU31860,1076,3231
BSU31875,1495,4488
BSU31890,451,1356
BSU31900,79,240
BSU31910,97,294
BSU31920,422,1269
BSU31930,378,1137
BSU31945,225,678
BSU31959,69,210
BSU31960,2378,7137
BSU31970,312,939
BSU31980,539,1620
BSU31990,398,1197
BSU32000,261,786
BSU32010,289,870
BSU32020,198,597
BSU32030,200,603
BSU32040,442,1329
BSU32050,500,1503
BSU32060,158,477
BSU32070,218,657
BSU32080,106,321
BSU32090,47,144
BSU32100,406,1221
BSU32110,332,999
BSU32120,46,141
BSU32130,326,981
BSU32140,207,624
BSU32150,172,519
BSU32160,120,363
BSU32170,284,855
BSU32180,404,1215
BSU32190,78,237
BSU32200,355,1068
BSU32210,108,327
BSU32220,111,336
BSU32230,657,1974
BSU32240,309,930
BSU32250,352,1059
BSU32260,433,1302
BSU32270,339,1020
BSU32280,166,501
BSU32290,256,771
BSU32300,144,435
BSU32310,91,276
BSU32320,210,633
BSU32330,298,897
BSU32340,326,981
BSU32350,254,765
BSU32360,101,306
BSU32370,462,1389
BSU32380,273,822
BSU32390,282,849
BSU32400,115,348
BSU32410,446,1341
BSU32420,531,1596
BSU32430,449,1350
BSU32440,430,1293
BSU32450,494,1485
BSU32460,114,345
BSU32469,43,132
BSU32470,173,522
BSU32480,745,2238
BSU32490,277,834
BSU32500,205,618
BSU32510,330,993
BSU32520,416,1251
BSU32530,412,1239
BSU32539, ,
BSU32540,288,867
BSU32550,367,1104
BSU32560,242,729
BSU32570,284,855
BSU32580,300,903
BSU32590,292,879
BSU32600,422,1269
BSU32610,328,987
BSU32620,124,375
BSU32630,372,1119
BSU32640,48,147
BSU32650,91,276
BSU32660,127,384
BSU32669,92,279
BSU32670,465,1398
BSU32680,147,444
BSU32690,406,1221
BSU32700,437,1314
BSU32710,261,786
BSU32719,45,138
BSU32720,125,378
BSU32730,274,825
BSU32740,222,669
BSU32750,341,1026
BSU32760,114,345
BSU32770,106,321
BSU32780,146,441
BSU32790,78,237
BSU32800,127,384
BSU32810,118,357
BSU32820,594,1785
BSU32830,391,1176
BSU32840,815,2448
BSU32849,48,147
BSU32850,302,909
BSU32859,81,246
BSU32860,110,333
BSU32870,155,468
BSU32880,541,1626
BSU32890,127,384
BSU32900,129,390
BSU32910,109,330
BSU32920,295,888
BSU32930,95,288
BSU32940,275,828
BSU32950,145,438
BSU32960,502,1509
BSU32970,96,291
BSU32980,280,843
BSU32990,153,462
BSU33000,458,1377
BSU33010,225,678
BSU33020,451,1356
BSU33029,54,165
BSU33030,291,876
BSU33040,462,1389
BSU33049,61,186
BSU33050,482,1449
BSU33060,365,1098
BSU33070,373,1122
BSU33080,211,636
BSU33090,360,1083
BSU33100,241,726
BSU33110,290,873
BSU33120,225,678
BSU33130,126,381
BSU33140,422,1269
BSU33150,193,582
BSU33160,442,1329
BSU33170,353,1062
BSU33180,314,945
BSU33190,263,792
BSU33200,292,879
BSU33210,580,1743
BSU33221,237,714
BSU33222,79,240
BSU33230,177,531
BSU33239,112,339
BSU33240,385,1158
BSU33250,136,411
BSU33260,409,1230
BSU33270,229,690
BSU33280,397,1194
BSU33290,269,810
BSU33300,336,1011
BSU33310,384,1155
BSU33320,315,948
BSU33330,469,1410
BSU33340,46,141
BSU33350,160,483
BSU33360,617,1854
BSU33370,308,927
BSU33380,260,783
BSU33390,227,684
BSU33400,276,831
BSU33410,161,486
BSU33420,670,2013
BSU33430,571,1716
BSU33440,605,1818
BSU33450,774,2325
BSU33460,202,609
BSU33470,138,417
BSU33480,222,669
BSU33490,699,2100
BSU33500,803,2409
BSU33510,69,210
BSU33520,101,306
BSU33530,358,1077
BSU33540,211,636
BSU33550,631,1896
BSU33560,133,402
BSU33570,119,360
BSU33580,190,573
BSU33590,264,795
BSU33600,156,471
BSU33610,779,2340
BSU33620,248,747
BSU33630,76,231
BSU33640,256,771
BSU33650,77,234
BSU33660,135,408
BSU33670,139,420
BSU33680,108,327
BSU33690,566,1701
BSU33700,226,681
BSU33710,306,921
BSU33720,217,654
BSU33730,381,1146
BSU33740,177,534
BSU33750,158,477
BSU33760,323,972
BSU33770,203,612
BSU33780,207,624
BSU33790,90,273
BSU33800,229,690
BSU33810,303,912
BSU33820,217,654
BSU33830,380,1143
BSU33840,185,558
BSU33850,211,636
BSU33860,204,615
BSU33870,232,699
BSU33880,605,1818
BSU33890,155,468
BSU33900,430,1293
BSU33910,511,1536
BSU33920,253,762
BSU33930,394,1185
BSU33940,335,1008
BSU33950,340,1023
BSU33960,464,1395
BSU33970,384,1155
BSU33980,336,1011
BSU33990,292,879
BSU34000,305,918
BSU34010,447,1344
BSU34020,344,1035
BSU34030,240,723
BSU34040,479,1440
BSU34050,238,717
BSU34060,200,603
BSU34070,328,987
BSU34080,245,738
BSU34090,301,906
BSU34100,269,810
BSU34110,403,1212
BSU34120,429,1290
BSU34130,687,2064
BSU34140,283,852
BSU34150,418,1257
BSU34160,421,1266
BSU34170,330,993
BSU34180,219,660
BSU34190,563,1692
BSU34200,436,1311
BSU34210,72,219
BSU34220,322,969
BSU34230,388,1167
BSU34240,216,651
BSU34250,202,609
BSU34265,505,1518
BSU34280,344,1035
BSU34290,358,1077
BSU34300,344,1035
BSU34310,367,1104
BSU34320,384,1155
BSU34330,278,837
BSU34340,381,1146
BSU34350,598,1797
BSU34360,227,684
BSU34370,234,705
BSU34380,152,459
BSU34390,489,1470
BSU34399, ,
BSU34400,161,486
BSU34410,95,288
BSU34420,30,93
BSU34430,227,684
BSU34440,451,1356
BSU34450,473,1422
BSU34460,516,1551
BSU34470,520,1563
BSU34480,194,585
BSU34490,111,336
BSU34500,106,321
BSU34510,170,513
BSU34520,447,1344
BSU34530,320,963
BSU34540,197,594
BSU34550,226,681
BSU34560,561,1686
BSU34570,757,2274
BSU34580,294,885
BSU34590,278,837
BSU34600,435,1308
BSU34610,417,1254
BSU34620,589,1770
BSU34630,316,951
BSU34640,191,576
BSU34650,106,321
BSU34660,530,1593
BSU34670,197,594
BSU34680,325,978
BSU34690,646,1941
BSU34700,259,780
BSU34710,356,1071
BSU34720,237,714
BSU34729,69,210
BSU34730,254,765
BSU34740,85,258
BSU34750,316,951
BSU34760,317,954
BSU34770,295,888
BSU34780,158,477
BSU34790,316,951
BSU34800,473,1422
BSU34810,484,1455
BSU34820,589,1770
BSU34830,119,360
BSU34840,636,1911
BSU34850,241,726
BSU34860,209,630
BSU34870,252,759
BSU34880,245,738
BSU34890,212,639
BSU34900,194,585
BSU34910,427,1284
BSU34920,213,642
BSU34930,391,1176
BSU34940,250,753
BSU34950,221,666
BSU34960,172,519
BSU34970,216,651
BSU34980,312,939
BSU34990,269,810
BSU35000,310,933
BSU35010,396,1191
BSU35020,242,729
BSU35030,243,732
BSU35040,1289,3870
BSU35050,157,474
BSU35060,405,1218
BSU35070,248,747
BSU35080,169,510
BSU35090,403,1212
BSU35100,119,360
BSU35110,65,198
BSU35120,365,1098
BSU35130,108,327
BSU35140,76,231
BSU35150,160,483
BSU35160,957,2874
BSU35170,661,1986
BSU35180,76,231
BSU35190,831,2496
BSU35200,189,570
BSU35210,444,1335
BSU35220,397,1194
BSU35230,112,339
BSU35239,38,117
BSU35240,480,1443
BSU35250,296,891
BSU35260,228,687
BSU35270,112,339
BSU35280,281,846
BSU35290,366,1102
BSU35300,841,2526
BSU35310,189,570
BSU35319,125,378
BSU35320,113,342
BSU35330,133,402
BSU35340,498,1497
BSU35350,109,330
BSU35360,304,915
BSU35370,74,225
BSU35380,143,432
BSU35390,191,576
BSU35400,298,897
BSU35410,507,1524
BSU35420,160,483
BSU35430,88,267
BSU35440,139,420
BSU35450,229,690
BSU35460,98,297
BSU35470,463,1392
BSU35480,281,846
BSU35490,229,690
BSU35500,385,1158
BSU35510,217,654
BSU35520,391,1176
BSU35530,358,1077
BSU35540,397,1194
BSU35550,252,759
BSU35560,226,681
BSU35570,488,1467
BSU35580,461,1386
BSU35590,389,1170
BSU35600,483,1452
BSU35609,49,150
BSU35610,162,486
BSU35620,496,1491
BSU35630,705,2118
BSU35640,102,309
BSU35650,306,921
BSU35660,380,1143
BSU35670,292,879
BSU35678, ,
BSU35679,27,84
BSU35680,900,2703
BSU35690,446,1341
BSU35698,68,207
BSU35699,198,597
BSU35700,527,1584
BSU35710,275,828
BSU35720,746,2241
BSU35730,673,2022
BSU35740,129,390
BSU35750,256,771
BSU35760,381,1146
BSU35770,442,1329
BSU35780,880,2643
BSU35790,316,951
BSU35800,483,1452
BSU35810,368,1107
BSU35820,374,1125
BSU35830,457,1374
BSU35840,322,969
BSU35850,286,861
BSU35860,413,1242
BSU35870,55,168
BSU35880,380,1143
BSU35890,149,450
BSU35900,393,1182
BSU35910,326,981
BSU35920,293,882
BSU35930,131,396
BSU35940,493,1482
BSU35950,322,969
BSU35960,305,918
BSU35970,178,537
BSU35980,98,297
BSU35990,175,528
BSU36000,255,768
BSU36010,571,1713
BSU36020,302,909
BSU36030,442,1329
BSU36040,225,678
BSU36050,380,1143
BSU36060,362,1089
BSU36070,195,588
BSU36079, ,
BSU36080,205,618
BSU36090,111,336
BSU36100,525,1578
BSU36110,158,477
BSU36120,197,594
BSU36130,178,537
BSU36140,73,222
BSU36150,181,546
BSU36160,293,882
BSU36170,238,717
BSU36180,154,465
BSU36190,602,1809
BSU36200,86,261
BSU36210,140,423
BSU36215, ,
BSU36220,261,786
BSU36230,440,1323
BSU36240,254,765
BSU36250,237,714
BSU36260,248,747
BSU36269,47,144
BSU36270,536,1611
BSU36280,922,2769
BSU36290,285,858
BSU36300,258,777
BSU36310,113,342
BSU36320,127,384
BSU36330,136,411
BSU36340,102,309
BSU36350,278,837
BSU36360,130,393
BSU36370,141,426
BSU36380,354,1065
BSU36390,269,810
BSU36400,270,813
BSU36410,333,1002
BSU36420,93,282
BSU36430,36,111
BSU36440,137,414
BSU36450,396,1191
BSU36460,468,1407
BSU36470,490,1473
BSU36480,452,1359
BSU36490,189,570
BSU36499, ,
BSU36500,154,465
BSU36510,404,1215
BSU36520,116,351
BSU36530,193,582
BSU36540,140,423
BSU36550,283,852
BSU36560,163,492
BSU36570,172,519
BSU36575, ,
BSU36580,144,435
BSU36590,482,1449
BSU36600,257,774
BSU36610,127,384
BSU36620,213,642
BSU36630,133,402
BSU36640,569,1710
BSU36650,124,375
BSU36660,105,318
BSU36668,54,165
BSU36669,60,183
BSU36670,62,189
BSU36680,166,501
BSU36690,377,1134
BSU36700,341,1026
BSU36710,262,789
BSU36720,53,162
BSU36730,224,675
BSU36739, ,
BSU36740,227,684
BSU36750,343,1032
BSU36760,436,1311
BSU36770,246,741
BSU36780,76,231
BSU36790,157,474
BSU36800,132,399
BSU36810,473,1422
BSU36820,287,864
BSU36830,502,1509
BSU36840,181,546
BSU36850,170,513
BSU36860,70,213
BSU36870,244,735
BSU36880,127,384
BSU36890,209,630
BSU36900,415,1245
BSU36910,180,543
BSU36920,149,450
BSU36930,150,453
BSU36940,185,558
BSU36950,346,1041
BSU36960,147,444
BSU36970,224,675
BSU36980,120,363
BSU36990,95,288
BSU37000,288,867
BSU37010,356,1071
BSU37020,128,387
BSU37030,184,555
BSU37040,319,960
BSU37050,582,1749
BSU37060,195,588
BSU37070,66,201
BSU37080,427,1284
BSU37089, ,
BSU37090,321,966
BSU37100,429,1290
BSU37110,212,639
BSU37120,285,858
BSU37130,124,375
BSU37140,173,522
BSU37150,535,1608
BSU37160,173,522
BSU37170,379,1140
BSU37180,705,2118
BSU37190,398,1197
BSU37200,320,963
BSU37210,90,273
BSU37220,174,525
BSU37230,575,1728
BSU37240,500,1503
BSU37250,223,672
BSU37260,184,555
BSU37270,487,1464
BSU37280,1228,3687
BSU37290,158,477
BSU37300,239,720
BSU37310,238,717
BSU37320,395,1188
BSU37330,556,1671
BSU37340,142,429
BSU37350,43,132
BSU37360,50,153
BSU37370,448,1347
BSU37380,53,162
BSU37390,239,720
BSU37400,436,1311
BSU37410,386,1161
BSU37420,426,1281
BSU37430,233,702
BSU37440,458,1377
BSU37450,451,1356
BSU37460,381,1146
BSU37470,39,120
BSU37480,157,474
BSU37490,290,873
BSU37500,276,831
BSU37510,691,2076
BSU37520,172,519
BSU37530,219,660
BSU37540,62,189
BSU37550,139,420
BSU37560,638,1917
BSU37569, ,
BSU37570,466,1401
BSU37580,156,471
BSU37590,166,501
BSU37600,433,1302
BSU37610,74,225
BSU37620,258,777
BSU37630,296,891
BSU37640,281,846
BSU37650,299,900
BSU37660,323,972
BSU37670,254,765
BSU37680,259,780
BSU37690,399,1200
BSU37700,394,1185
BSU37710,472,1419
BSU37720,255,768
BSU37730,235,708
BSU37740,204,615
BSU37750,412,1239
BSU37760,470,1413
BSU37770,566,1701
BSU37780,515,1548
BSU37790,424,1275
BSU37800,154,465
BSU37810,151,456
BSU37820,283,852
BSU37830,315,948
BSU37840,246,741
BSU37850,339,1020
BSU37860,240,723
BSU37870,373,1122
BSU37880,289,870
BSU37890,389,1170
BSU37900,474,1425
BSU37910,256,771
BSU37920,181,546
BSU37930,123,372
BSU37940,440,1323
BSU37950,118,357
BSU37960,457,1371
BSU37970,225,678
BSU37980,268,807
BSU37990,177,534
BSU38000,211,636
BSU38018,112,339
BSU38020,271,816
BSU38030,82,249
BSU38040,480,1440
BSU38050,461,1386
BSU38060,256,771
BSU38070,276,831
BSU38080,100,303
BSU38090,806,2421
BSU38100,333,1002
BSU38110,249,750
BSU38120,393,1182
BSU38130,87,264
BSU38140,124,375
BSU38150,204,615
BSU38160,649,1950
BSU38170,321,966
BSU38180,81,246
BSU38190,513,1542
BSU38200,390,1173
BSU38210,127,384
BSU38220,223,672
BSU38229,52,159
BSU38230,102,309
BSU38240,513,1542
BSU38250,200,603
BSU38260,416,1251
BSU38270,385,1158
BSU38280,481,1446
BSU38290,222,669
BSU38300,272,819
BSU38310,301,906
BSU38320,128,387
BSU38330,225,678
BSU38340,399,1200
BSU38350,65,198
BSU38360,396,1191
BSU38370,126,381
BSU38380,225,678
BSU38390,444,1335
BSU38400,645,1938
BSU38410,459,1380
BSU38420,280,843
BSU38430,286,861
BSU38440,237,714
BSU38450,171,516
BSU38460,413,1242
BSU38470,455,1368
BSU38480,210,633
BSU38490,311,936
BSU38495, ,
BSU38499,49,150
BSU38500,503,1512
BSU38510,395,1188
BSU38520,78,237
BSU38530,392,1179
BSU38540,252,759
BSU38550,363,1092
BSU38560,442,1329
BSU38570,110,333
BSU38580,452,1359
BSU38590,102,309
BSU38600,641,1926
BSU38610,52,159
BSU38620,196,591
BSU38630,547,1644
BSU38640,400,1203
BSU38650,259,777
BSU38660,295,888
BSU38670,62,189
BSU38680,68,207
BSU38690,106,321
BSU38700,178,537
BSU38710,457,1374
BSU38720,276,831
BSU38730,575,1728
BSU38740,567,1704
BSU38750,338,1017
BSU38760,468,1407
BSU38770,450,1353
BSU38780,562,1689
BSU38790,66,201
BSU38800,279,840
BSU38810,365,1098
BSU38820,297,894
BSU38830,485,1458
BSU38840,278,837
BSU38850,213,642
BSU38860,339,1020
BSU38870,168,507
BSU38880,291,876
BSU38890,157,474
BSU38900,406,1221
BSU38910,218,657
BSU38920,410,1233
BSU38930,87,264
BSU38940,162,489
BSU38950,377,1134
BSU38960,378,1137
BSU38970,257,774
BSU38980,216,651
BSU38990,238,717
BSU39000,472,1419
BSU39010,282,849
BSU39020,397,1194
BSU39029,142,429
BSU39030,80,243
BSU39040,96,291
BSU39050,686,2061
BSU39060,426,1281
BSU39070,242,729
BSU39080,277,834
BSU39090,226,681
BSU39100,428,1287
BSU39110,479,1440
BSU39120,382,1149
BSU39129,62,189
BSU39139,43,132
BSU39140,153,462
BSU39150,98,297
BSU39160,162,489
BSU39170,150,453
BSU39180,109,330
BSU39190,138,417
BSU39200,122,369
BSU39210,156,471
BSU39220,142,429
BSU39230,2334,7005
BSU39240,311,936
BSU39250,148,447
BSU39260,469,1410
BSU39270,609,1830
BSU39280,102,309
BSU39290,147,444
BSU39300,569,1710
BSU39310,89,270
BSU39320,121,366
BSU39330,469,1410
BSU39339,54,165
BSU39340,151,456
BSU39350,508,1527
BSU39360,552,1659
BSU39370,421,1266
BSU39380,319,960
BSU39390,475,1428
BSU39400,433,1302
BSU39410,393,1182
BSU39420,223,672
BSU39430,313,942
BSU39440,275,828
BSU39450,370,1113
BSU39460,445,1338
BSU39470,380,1143
BSU39480,249,750
BSU39490,224,675
BSU39500,264,795
BSU39510,165,498
BSU39520,441,1326
BSU39530,75,228
BSU39540,328,987
BSU39550,270,813
BSU39560,185,558
BSU39570,144,435
BSU39580,121,366
BSU39590,117,354
BSU39600,132,399
BSU39610,321,966
BSU39620,115,348
BSU39630,622,1869
BSU39640,257,774
BSU39650,325,978
BSU39660,229,690
BSU39670,290,873
BSU39680,278,837
BSU39690,289,870
BSU39700,344,1035
BSU39710,439,1317
BSU39720,297,894
BSU39730,637,1914
BSU39740,325,978
BSU39750,271,816
BSU39760,487,1464
BSU39770,251,756
BSU39780,310,933
BSU39790,216,651
BSU39800,102,309
BSU39810,461,1386
BSU39820,626,1881
BSU39830,83,252
BSU39840,273,822
BSU39850,380,1143
BSU39860,445,1338
BSU39870,159,480
BSU39880,330,993
BSU39890,244,735
BSU39900,89,270
BSU39910,160,483
BSU39920,747,2244
BSU39930,399,1200
BSU39940,410,1233
BSU39950,142,426
BSU39960,151,456
BSU39970,402,1209
BSU39980,337,1014
BSU39990,191,576
BSU40000,356,1071
BSU40010,143,432
BSU40021,134,405
BSU40022,230,693
BSU40030,343,1032
BSU40040,382,1149
BSU40050,243,732
BSU40060,513,1542
BSU40070,448,1347
BSU40080,468,1407
BSU40090,187,564
BSU40100,509,1530
BSU40110,479,1440
BSU40120,76,231
BSU40130,236,711
BSU40139,52,159
BSU40140,240,723
BSU40150,209,630
BSU40160,252,759
BSU40170,319,960
BSU40180,49,150
BSU40190,671,2016
BSU40200,586,1761
BSU40210,132,399
BSU40220,481,1446
BSU40230,159,480
BSU40239,56,171
BSU40240,137,414
BSU40250,408,1227
BSU40259,56,171
BSU40260,82,249
BSU40270,387,1164
BSU40280,245,738
BSU40290,156,471
BSU40300,365,1098
BSU40310,38,117
BSU40320,296,891
BSU40330,467,1404
BSU40340,401,1203
BSU40350,461,1386
BSU40358, ,
BSU40359,62,189
BSU40360,400,1203
BSU40370,264,795
BSU40380,280,843
BSU40390,455,1368
BSU40400,611,1836
BSU40410,235,708
BSU40420,430,1293
BSU40430,139,420
BSU40440,454,1365
BSU40450,66,201
BSU40460,67,204
BSU40470,46,141
BSU40480,402,1209
BSU40490,685,2058
BSU40500,149,450
BSU40510,659,1980
BSU40520,309,930
BSU40529,49,150
BSU40530,160,483
BSU40540,125,378
BSU40550,309,930
BSU40560,148,447
BSU40570,435,1308
BSU40573,79,240
BSU40574,54,165
BSU40576, ,
BSU40578,48,147
BSU40579,49,150
BSU40580,145,438
BSU40590,251,756
BSU40600,236,711
BSU40610,251,756
BSU40620,218,657
BSU40630,262,789
BSU40640,129,390
BSU40650,279,840
BSU40660,404,1215
BSU40670,292,879
BSU40680,147,444
BSU40690,159,480
BSU40700,220,663
BSU40710,150,453
BSU40720,148,447
BSU40730,201,606
BSU40740,173,522
BSU40750,118,357
BSU40760,188,567
BSU40770,458,1377
BSU40780,20,60
BSU40790,79,240
BSU40800,138,417
BSU40810,305,918
BSU40820,689,2070
BSU40830,299,900
BSU40840,451,1356
BSU40850,184,555
BSU40860,126,381
BSU40870,311,936
BSU40880,252,759
BSU40890,79,240
BSU40900,172,519
BSU40910,95,288
BSU40920,366,1101
BSU40930,667,2004
BSU40939,68,207
BSU40940,338,1017
BSU40950,205,618
BSU40960,282,849
BSU40970,253,762
BSU40980,146,441
BSU40990,283,852
BSU41000,239,720
BSU41010,628,1887
BSU41020,459,1380
BSU41030,208,627
BSU41040,261,786
BSU41050,116,351
BSU41060,44,135
BSUCDS3119273,46,138